17;;;;;;;;;;Vod number;number of chats per stream
26;;;;;;;;;;Vod 1;3790
29;;;;;;;;;;;
34;;;;;;;;;;;
39;;;;;;;;;;;
40;;;;;;;;;;;
45;;;;;;;;;;;
49;;;;;;;;;;;
51;;;;;;;;;;;
54;;;;;;;;;;;
54;;;;;;;;;;;
60;;;;;;;;;;;
61;;;;;;;;;;;
62;;;;;;;;;;;
70;;;;;;;;;;;
73;;;;;;;;;;;
76;;;;;;;;;;;
78;;;;;;;;;;;
80;;;;;;;;;;;
86;;;;;;;;;;;
96;;;;;;;;;;;
97;;;;;;;;;;;
98;;;;;;;;;;;
106;;;;;;;;;;;
108;;;;;;;;;;;
110;;;;;;;;;;;
111;;;;;;;;;;;
113;;;;;;;;;;;
116;;;;;;;;;;;
116;;;;;;;;;;;
116;;;;;;;;;;;
117;;;;;;;;;;;
119;;;;;;;;;;;
121;;;;;;;;;;;
122;;;;;;;;;;;
122;;;;;;;;;;;
125;;;;;;;;;;;
126;;;;;;;;;;;
129;;;;;;;;;;;
129;;;;;;;;;;;
133;;;;;;;;;;;
134;;;;;;;;;;;
134;;;;;;;;;;;
135;;;;;;;;;;;
136;;;;;;;;;;;
140;;;;;;;;;;;
141;;;;;;;;;;;
141;;;;;;;;;;;
143;;;;;;;;;;;
143;;;;;;;;;;;
145;;;;;;;;;;;
147;;;;;;;;;;;
149;;;;;;;;;;;
151;;;;;;;;;;;
152;;;;;;;;;;;
152;;;;;;;;;;;
152;;;;;;;;;;;
152;;;;;;;;;;;
153;;;;;;;;;;;
157;;;;;;;;;;;
159;;;;;;;;;;;
161;;;;;;;;;;;
164;;;;;;;;;;;
169;;;;;;;;;;;
177;;;;;;;;;;;
177;;;;;;;;;;;
177;;;;;;;;;;;
177;;;;;;;;;;;
177;;;;;;;;;;;
178;;;;;;;;;;;
178;;;;;;;;;;;
179;;;;;;;;;;;
179;;;;;;;;;;;
179;;;;;;;;;;;
180;;;;;;;;;;;
180;;;;;;;;;;;
180;;;;;;;;;;;
181;;;;;;;;;;;
184;;;;;;;;;;;
190;;;;;;;;;;;
192;;;;;;;;;;;
193;;;;;;;;;;;
194;;;;;;;;;;;
194;;;;;;;;;;;
197;;;;;;;;;;;
197;;;;;;;;;;;
198;;;;;;;;;;;
200;;;;;;;;;;;
202;;;;;;;;;;;
205;;;;;;;;;;;
210;;;;;;;;;;;
222;;;;;;;;;;;
222;;;;;;;;;;;
230;;;;;;;;;;;
235;;;;;;;;;;;
241;;;;;;;;;;;
242;;;;;;;;;;;
244;;;;;;;;;;;
245;;;;;;;;;;;
245;;;;;;;;;;;
245;;;;;;;;;;;
252;;;;;;;;;;;
252;;;;;;;;;;;
254;;;;;;;;;;;
257;;;;;;;;;;;
259;;;;;;;;;;;
265;;;;;;;;;;;
266;;;;;;;;;;;
276;;;;;;;;;;;
277;;;;;;;;;;;
283;;;;;;;;;;;
285;;;;;;;;;;;
286;;;;;;;;;;;
289;;;;;;;;;;;
291;;;;;;;;;;;
298;;;;;;;;;;;
304;;;;;;;;;;;
311;;;;;;;;;;;
313;;;;;;;;;;;
314;;;;;;;;;;;
315;;;;;;;;;;;
317;;;;;;;;;;;
318;;;;;;;;;;;
318;;;;;;;;;;;
318;;;;;;;;;;;
318;;;;;;;;;;;
318;;;;;;;;;;;
319;;;;;;;;;;;
321;;;;;;;;;;;
321;;;;;;;;;;;
321;;;;;;;;;;;
322;;;;;;;;;;;
322;;;;;;;;;;;
323;;;;;;;;;;;
325;;;;;;;;;;;
326;;;;;;;;;;;
327;;;;;;;;;;;
327;;;;;;;;;;;
328;;;;;;;;;;;
328;;;;;;;;;;;
328;;;;;;;;;;;
329;;;;;;;;;;;
329;;;;;;;;;;;
330;;;;;;;;;;;
332;;;;;;;;;;;
337;;;;;;;;;;;
338;;;;;;;;;;;
346;;;;;;;;;;;
347;;;;;;;;;;;
349;;;;;;;;;;;
357;;;;;;;;;;;
357;;;;;;;;;;;
358;;;;;;;;;;;
358;;;;;;;;;;;
361;;;;;;;;;;;
363;;;;;;;;;;;
367;;;;;;;;;;;
373;;;;;;;;;;;
374;;;;;;;;;;;
375;;;;;;;;;;;
377;;;;;;;;;;;
393;;;;;;;;;;;
393;;;;;;;;;;;
405;;;;;;;;;;;
412;;;;;;;;;;;
414;;;;;;;;;;;
415;;;;;;;;;;;
419;;;;;;;;;;;
422;;;;;;;;;;;
424;;;;;;;;;;;
428;;;;;;;;;;;
429;;;;;;;;;;;
431;;;;;;;;;;;
434;;;;;;;;;;;
434;;;;;;;;;;;
438;;;;;;;;;;;
440;;;;;;;;;;;
442;;;;;;;;;;;
443;;;;;;;;;;;
445;;;;;;;;;;;
446;;;;;;;;;;;
447;;;;;;;;;;;
449;;;;;;;;;;;
449;;;;;;;;;;;
455;;;;;;;;;;;
460;;;;;;;;;;;
464;;;;;;;;;;;
487;;;;;;;;;;;
490;;;;;;;;;;;
491;;;;;;;;;;;
497;;;;;;;;;;;
499;;;;;;;;;;;
499;;;;;;;;;;;
500;;;;;;;;;;;
505;;;;;;;;;;;
506;;;;;;;;;;;
507;;;;;;;;;;;
509;;;;;;;;;;;
510;;;;;;;;;;;
510;;;;;;;;;;;
511;;;;;;;;;;;
513;;;;;;;;;;;
514;;;;;;;;;;;
514;;;;;;;;;;;
515;;;;;;;;;;;
516;;;;;;;;;;;
517;;;;;;;;;;;
517;;;;;;;;;;;
517;;;;;;;;;;;
518;;;;;;;;;;;
521;;;;;;;;;;;
521;;;;;;;;;;;
523;;;;;;;;;;;
524;;;;;;;;;;;
524;;;;;;;;;;;
524;;;;;;;;;;;
526;;;;;;;;;;;
528;;;;;;;;;;;
529;;;;;;;;;;;
531;;;;;;;;;;;
531;;;;;;;;;;;
533;;;;;;;;;;;
533;;;;;;;;;;;
534;;;;;;;;;;;
539;;;;;;;;;;;
541;;;;;;;;;;;
547;;;;;;;;;;;
551;;;;;;;;;;;
557;;;;;;;;;;;
558;;;;;;;;;;;
566;;;;;;;;;;;
568;;;;;;;;;;;
569;;;;;;;;;;;
573;;;;;;;;;;;
583;;;;;;;;;;;
585;;;;;;;;;;;
589;;;;;;;;;;;
591;;;;;;;;;;;
594;;;;;;;;;;;
596;;;;;;;;;;;
597;;;;;;;;;;;
603;;;;;;;;;;;
609;;;;;;;;;;;
610;;;;;;;;;;;
614;;;;;;;;;;;
615;;;;;;;;;;;
616;;;;;;;;;;;
616;;;;;;;;;;;
617;;;;;;;;;;;
618;;;;;;;;;;;
619;;;;;;;;;;;
623;;;;;;;;;;;
623;;;;;;;;;;;
625;;;;;;;;;;;
626;;;;;;;;;;;
628;;;;;;;;;;;
629;;;;;;;;;;;
630;;;;;;;;;;;
634;;;;;;;;;;;
635;;;;;;;;;;;
637;;;;;;;;;;;
637;;;;;;;;;;;
638;;;;;;;;;;;
638;;;;;;;;;;;
639;;;;;;;;;;;
639;;;;;;;;;;;
643;;;;;;;;;;;
644;;;;;;;;;;;
645;;;;;;;;;;;
646;;;;;;;;;;;
649;;;;;;;;;;;
649;;;;;;;;;;;
653;;;;;;;;;;;
653;;;;;;;;;;;
653;;;;;;;;;;;
654;;;;;;;;;;;
655;;;;;;;;;;;
662;;;;;;;;;;;
665;;;;;;;;;;;
669;;;;;;;;;;;
670;;;;;;;;;;;
670;;;;;;;;;;;
672;;;;;;;;;;;
675;;;;;;;;;;;
675;;;;;;;;;;;
675;;;;;;;;;;;
676;;;;;;;;;;;
677;;;;;;;;;;;
679;;;;;;;;;;;
680;;;;;;;;;;;
680;;;;;;;;;;;
680;;;;;;;;;;;
681;;;;;;;;;;;
682;;;;;;;;;;;
683;;;;;;;;;;;
686;;;;;;;;;;;
686;;;;;;;;;;;
688;;;;;;;;;;;
690;;;;;;;;;;;
695;;;;;;;;;;;
695;;;;;;;;;;;
704;;;;;;;;;;;
706;;;;;;;;;;;
710;;;;;;;;;;;
712;;;;;;;;;;;
713;;;;;;;;;;;
714;;;;;;;;;;;
717;;;;;;;;;;;
717;;;;;;;;;;;
717;;;;;;;;;;;
721;;;;;;;;;;;
721;;;;;;;;;;;
721;;;;;;;;;;;
724;;;;;;;;;;;
726;;;;;;;;;;;
728;;;;;;;;;;;
731;;;;;;;;;;;
735;;;;;;;;;;;
740;;;;;;;;;;;
740;;;;;;;;;;;
740;;;;;;;;;;;
741;;;;;;;;;;;
743;;;;;;;;;;;
745;;;;;;;;;;;
747;;;;;;;;;;;
748;;;;;;;;;;;
749;;;;;;;;;;;
751;;;;;;;;;;;
754;;;;;;;;;;;
755;;;;;;;;;;;
757;;;;;;;;;;;
760;;;;;;;;;;;
767;;;;;;;;;;;
773;;;;;;;;;;;
777;;;;;;;;;;;
778;;;;;;;;;;;
778;;;;;;;;;;;
781;;;;;;;;;;;
781;;;;;;;;;;;
782;;;;;;;;;;;
782;;;;;;;;;;;
783;;;;;;;;;;;
787;;;;;;;;;;;
792;;;;;;;;;;;
794;;;;;;;;;;;
795;;;;;;;;;;;
795;;;;;;;;;;;
798;;;;;;;;;;;
799;;;;;;;;;;;
803;;;;;;;;;;;
821;;;;;;;;;;;
827;;;;;;;;;;;
830;;;;;;;;;;;
837;;;;;;;;;;;
841;;;;;;;;;;;
841;;;;;;;;;;;
841;;;;;;;;;;;
841;;;;;;;;;;;
842;;;;;;;;;;;
842;;;;;;;;;;;
843;;;;;;;;;;;
851;;;;;;;;;;;
852;;;;;;;;;;;
853;;;;;;;;;;;
854;;;;;;;;;;;
855;;;;;;;;;;;
855;;;;;;;;;;;
856;;;;;;;;;;;
858;;;;;;;;;;;
859;;;;;;;;;;;
863;;;;;;;;;;;
870;;;;;;;;;;;
870;;;;;;;;;;;
873;;;;;;;;;;;
873;;;;;;;;;;;
874;;;;;;;;;;;
874;;;;;;;;;;;
876;;;;;;;;;;;
877;;;;;;;;;;;
878;;;;;;;;;;;
878;;;;;;;;;;;
880;;;;;;;;;;;
881;;;;;;;;;;;
881;;;;;;;;;;;
881;;;;;;;;;;;
881;;;;;;;;;;;
885;;;;;;;;;;;
885;;;;;;;;;;;
887;;;;;;;;;;;
887;;;;;;;;;;;
888;;;;;;;;;;;
888;;;;;;;;;;;
893;;;;;;;;;;;
899;;;;;;;;;;;
899;;;;;;;;;;;
903;;;;;;;;;;;
905;;;;;;;;;;;
910;;;;;;;;;;;
913;;;;;;;;;;;
915;;;;;;;;;;;
917;;;;;;;;;;;
917;;;;;;;;;;;
920;;;;;;;;;;;
923;;;;;;;;;;;
925;;;;;;;;;;;
926;;;;;;;;;;;
927;;;;;;;;;;;
927;;;;;;;;;;;
929;;;;;;;;;;;
929;;;;;;;;;;;
930;;;;;;;;;;;
933;;;;;;;;;;;
933;;;;;;;;;;;
934;;;;;;;;;;;
935;;;;;;;;;;;
935;;;;;;;;;;;
937;;;;;;;;;;;
938;;;;;;;;;;;
939;;;;;;;;;;;
939;;;;;;;;;;;
940;;;;;;;;;;;
941;;;;;;;;;;;
942;;;;;;;;;;;
942;;;;;;;;;;;
947;;;;;;;;;;;
954;;;;;;;;;;;
955;;;;;;;;;;;
958;;;;;;;;;;;
965;;;;;;;;;;;
968;;;;;;;;;;;
972;;;;;;;;;;;
973;;;;;;;;;;;
981;;;;;;;;;;;
984;;;;;;;;;;;
990;;;;;;;;;;;
990;;;;;;;;;;;
998;;;;;;;;;;;
1000;;;;;;;;;;;
1000;;;;;;;;;;;
1007;;;;;;;;;;;
1008;;;;;;;;;;;
1013;;;;;;;;;;;
1014;;;;;;;;;;;
1015;;;;;;;;;;;
1017;;;;;;;;;;;
1017;;;;;;;;;;;
1018;;;;;;;;;;;
1022;;;;;;;;;;;
1027;;;;;;;;;;;
1033;;;;;;;;;;;
1034;;;;;;;;;;;
1034;;;;;;;;;;;
1038;;;;;;;;;;;
1038;;;;;;;;;;;
1041;;;;;;;;;;;
1041;;;;;;;;;;;
1052;;;;;;;;;;;
1053;;;;;;;;;;;
1053;;;;;;;;;;;
1053;;;;;;;;;;;
1054;;;;;;;;;;;
1055;;;;;;;;;;;
1056;;;;;;;;;;;
1057;;;;;;;;;;;
1058;;;;;;;;;;;
1059;;;;;;;;;;;
1059;;;;;;;;;;;
1060;;;;;;;;;;;
1060;;;;;;;;;;;
1061;;;;;;;;;;;
1061;;;;;;;;;;;
1062;;;;;;;;;;;
1062;;;;;;;;;;;
1063;;;;;;;;;;;
1063;;;;;;;;;;;
1064;;;;;;;;;;;
1064;;;;;;;;;;;
1064;;;;;;;;;;;
1064;;;;;;;;;;;
1065;;;;;;;;;;;
1066;;;;;;;;;;;
1070;;;;;;;;;;;
1071;;;;;;;;;;;
1071;;;;;;;;;;;
1072;;;;;;;;;;;
1072;;;;;;;;;;;
1073;;;;;;;;;;;
1075;;;;;;;;;;;
1081;;;;;;;;;;;
1082;;;;;;;;;;;
1083;;;;;;;;;;;
1083;;;;;;;;;;;
1084;;;;;;;;;;;
1086;;;;;;;;;;;
1086;;;;;;;;;;;
1087;;;;;;;;;;;
1089;;;;;;;;;;;
1090;;;;;;;;;;;
1090;;;;;;;;;;;
1091;;;;;;;;;;;
1091;;;;;;;;;;;
1091;;;;;;;;;;;
1092;;;;;;;;;;;
1106;;;;;;;;;;;
1108;;;;;;;;;;;
1108;;;;;;;;;;;
1108;;;;;;;;;;;
1108;;;;;;;;;;;
1109;;;;;;;;;;;
1112;;;;;;;;;;;
1123;;;;;;;;;;;
1124;;;;;;;;;;;
1125;;;;;;;;;;;
1126;;;;;;;;;;;
1133;;;;;;;;;;;
1133;;;;;;;;;;;
1135;;;;;;;;;;;
1138;;;;;;;;;;;
1140;;;;;;;;;;;
1141;;;;;;;;;;;
1143;;;;;;;;;;;
1144;;;;;;;;;;;
1144;;;;;;;;;;;
1145;;;;;;;;;;;
1146;;;;;;;;;;;
1147;;;;;;;;;;;
1148;;;;;;;;;;;
1149;;;;;;;;;;;
1150;;;;;;;;;;;
1150;;;;;;;;;;;
1150;;;;;;;;;;;
1155;;;;;;;;;;;
1155;;;;;;;;;;;
1158;;;;;;;;;;;
1160;;;;;;;;;;;
1182;;;;;;;;;;;
1185;;;;;;;;;;;
1188;;;;;;;;;;;
1192;;;;;;;;;;;
1192;;;;;;;;;;;
1192;;;;;;;;;;;
1198;;;;;;;;;;;
1204;;;;;;;;;;;
1204;;;;;;;;;;;
1207;;;;;;;;;;;
1209;;;;;;;;;;;
1210;;;;;;;;;;;
1210;;;;;;;;;;;
1211;;;;;;;;;;;
1213;;;;;;;;;;;
1213;;;;;;;;;;;
1214;;;;;;;;;;;
1215;;;;;;;;;;;
1216;;;;;;;;;;;
1216;;;;;;;;;;;
1217;;;;;;;;;;;
1220;;;;;;;;;;;
1220;;;;;;;;;;;
1221;;;;;;;;;;;
1223;;;;;;;;;;;
1224;;;;;;;;;;;
1226;;;;;;;;;;;
1226;;;;;;;;;;;
1226;;;;;;;;;;;
1229;;;;;;;;;;;
1230;;;;;;;;;;;
1234;;;;;;;;;;;
1237;;;;;;;;;;;
1242;;;;;;;;;;;
1242;;;;;;;;;;;
1243;;;;;;;;;;;
1246;;;;;;;;;;;
1249;;;;;;;;;;;
1251;;;;;;;;;;;
1251;;;;;;;;;;;
1257;;;;;;;;;;;
1259;;;;;;;;;;;
1259;;;;;;;;;;;
1261;;;;;;;;;;;
1265;;;;;;;;;;;
1265;;;;;;;;;;;
1270;;;;;;;;;;;
1273;;;;;;;;;;;
1274;;;;;;;;;;;
1279;;;;;;;;;;;
1279;;;;;;;;;;;
1281;;;;;;;;;;;
1281;;;;;;;;;;;
1283;;;;;;;;;;;
1284;;;;;;;;;;;
1286;;;;;;;;;;;
1287;;;;;;;;;;;
1287;;;;;;;;;;;
1289;;;;;;;;;;;
1290;;;;;;;;;;;
1291;;;;;;;;;;;
1304;;;;;;;;;;;
1304;;;;;;;;;;;
1307;;;;;;;;;;;
1310;;;;;;;;;;;
1310;;;;;;;;;;;
1314;;;;;;;;;;;
1315;;;;;;;;;;;
1316;;;;;;;;;;;
1316;;;;;;;;;;;
1318;;;;;;;;;;;
1329;;;;;;;;;;;
1339;;;;;;;;;;;
1339;;;;;;;;;;;
1340;;;;;;;;;;;
1341;;;;;;;;;;;
1342;;;;;;;;;;;
1345;;;;;;;;;;;
1346;;;;;;;;;;;
1347;;;;;;;;;;;
1353;;;;;;;;;;;
1358;;;;;;;;;;;
1370;;;;;;;;;;;
1371;;;;;;;;;;;
1374;;;;;;;;;;;
1382;;;;;;;;;;;
1387;;;;;;;;;;;
1394;;;;;;;;;;;
1395;;;;;;;;;;;
1395;;;;;;;;;;;
1396;;;;;;;;;;;
1398;;;;;;;;;;;
1401;;;;;;;;;;;
1402;;;;;;;;;;;
1408;;;;;;;;;;;
1410;;;;;;;;;;;
1411;;;;;;;;;;;
1413;;;;;;;;;;;
1417;;;;;;;;;;;
1420;;;;;;;;;;;
1423;;;;;;;;;;;
1426;;;;;;;;;;;
1428;;;;;;;;;;;
1430;;;;;;;;;;;
1436;;;;;;;;;;;
1437;;;;;;;;;;;
1447;;;;;;;;;;;
1451;;;;;;;;;;;
1453;;;;;;;;;;;
1463;;;;;;;;;;;
1463;;;;;;;;;;;
1464;;;;;;;;;;;
1469;;;;;;;;;;;
1471;;;;;;;;;;;
1476;;;;;;;;;;;
1478;;;;;;;;;;;
1479;;;;;;;;;;;
1480;;;;;;;;;;;
1482;;;;;;;;;;;
1483;;;;;;;;;;;
1487;;;;;;;;;;;
1488;;;;;;;;;;;
1490;;;;;;;;;;;
1495;;;;;;;;;;;
1496;;;;;;;;;;;
1500;;;;;;;;;;;
1502;;;;;;;;;;;
1505;;;;;;;;;;;
1506;;;;;;;;;;;
1506;;;;;;;;;;;
1507;;;;;;;;;;;
1509;;;;;;;;;;;
1510;;;;;;;;;;;
1511;;;;;;;;;;;
1511;;;;;;;;;;;
1511;;;;;;;;;;;
1511;;;;;;;;;;;
1512;;;;;;;;;;;
1512;;;;;;;;;;;
1513;;;;;;;;;;;
1514;;;;;;;;;;;
1516;;;;;;;;;;;
1517;;;;;;;;;;;
1518;;;;;;;;;;;
1518;;;;;;;;;;;
1519;;;;;;;;;;;
1520;;;;;;;;;;;
1520;;;;;;;;;;;
1523;;;;;;;;;;;
1532;;;;;;;;;;;
1533;;;;;;;;;;;
1534;;;;;;;;;;;
1535;;;;;;;;;;;
1537;;;;;;;;;;;
1538;;;;;;;;;;;
1541;;;;;;;;;;;
1545;;;;;;;;;;;
1546;;;;;;;;;;;
1550;;;;;;;;;;;
1556;;;;;;;;;;;
1569;;;;;;;;;;;
1571;;;;;;;;;;;
1584;;;;;;;;;;;
1589;;;;;;;;;;;
1592;;;;;;;;;;;
1592;;;;;;;;;;;
1596;;;;;;;;;;;
1596;;;;;;;;;;;
1599;;;;;;;;;;;
1604;;;;;;;;;;;
1609;;;;;;;;;;;
1610;;;;;;;;;;;
1614;;;;;;;;;;;
1617;;;;;;;;;;;
1617;;;;;;;;;;;
1627;;;;;;;;;;;
1628;;;;;;;;;;;
1629;;;;;;;;;;;
1630;;;;;;;;;;;
1630;;;;;;;;;;;
1631;;;;;;;;;;;
1632;;;;;;;;;;;
1635;;;;;;;;;;;
1640;;;;;;;;;;;
1641;;;;;;;;;;;
1642;;;;;;;;;;;
1643;;;;;;;;;;;
1643;;;;;;;;;;;
1643;;;;;;;;;;;
1644;;;;;;;;;;;
1650;;;;;;;;;;;
1650;;;;;;;;;;;
1650;;;;;;;;;;;
1651;;;;;;;;;;;
1654;;;;;;;;;;;
1660;;;;;;;;;;;
1660;;;;;;;;;;;
1666;;;;;;;;;;;
1668;;;;;;;;;;;
1672;;;;;;;;;;;
1678;;;;;;;;;;;
1679;;;;;;;;;;;
1679;;;;;;;;;;;
1680;;;;;;;;;;;
1685;;;;;;;;;;;
1686;;;;;;;;;;;
1688;;;;;;;;;;;
1688;;;;;;;;;;;
1689;;;;;;;;;;;
1689;;;;;;;;;;;
1689;;;;;;;;;;;
1691;;;;;;;;;;;
1694;;;;;;;;;;;
1695;;;;;;;;;;;
1698;;;;;;;;;;;
1698;;;;;;;;;;;
1699;;;;;;;;;;;
1708;;;;;;;;;;;
1708;;;;;;;;;;;
1711;;;;;;;;;;;
1719;;;;;;;;;;;
1721;;;;;;;;;;;
1722;;;;;;;;;;;
1723;;;;;;;;;;;
1724;;;;;;;;;;;
1726;;;;;;;;;;;
1731;;;;;;;;;;;
1739;;;;;;;;;;;
1741;;;;;;;;;;;
1741;;;;;;;;;;;
1748;;;;;;;;;;;
1749;;;;;;;;;;;
1753;;;;;;;;;;;
1754;;;;;;;;;;;
1757;;;;;;;;;;;
1761;;;;;;;;;;;
1767;;;;;;;;;;;
1780;;;;;;;;;;;
1791;;;;;;;;;;;
1792;;;;;;;;;;;
1796;;;;;;;;;;;
1796;;;;;;;;;;;
1801;;;;;;;;;;;
1801;;;;;;;;;;;
1810;;;;;;;;;;;
1812;;;;;;;;;;;
1814;;;;;;;;;;;
1814;;;;;;;;;;;
1817;;;;;;;;;;;
1820;;;;;;;;;;;
1821;;;;;;;;;;;
1822;;;;;;;;;;;
1823;;;;;;;;;;;
1823;;;;;;;;;;;
1824;;;;;;;;;;;
1825;;;;;;;;;;;
1825;;;;;;;;;;;
1827;;;;;;;;;;;
1829;;;;;;;;;;;
1829;;;;;;;;;;;
1830;;;;;;;;;;;
1831;;;;;;;;;;;
1833;;;;;;;;;;;
1833;;;;;;;;;;;
1834;;;;;;;;;;;
1834;;;;;;;;;;;
1834;;;;;;;;;;;
1836;;;;;;;;;;;
1836;;;;;;;;;;;
1838;;;;;;;;;;;
1839;;;;;;;;;;;
1840;;;;;;;;;;;
1841;;;;;;;;;;;
1842;;;;;;;;;;;
1842;;;;;;;;;;;
1848;;;;;;;;;;;
1849;;;;;;;;;;;
1852;;;;;;;;;;;
1852;;;;;;;;;;;
1853;;;;;;;;;;;
1855;;;;;;;;;;;
1866;;;;;;;;;;;
1867;;;;;;;;;;;
1869;;;;;;;;;;;
1869;;;;;;;;;;;
1870;;;;;;;;;;;
1870;;;;;;;;;;;
1871;;;;;;;;;;;
1871;;;;;;;;;;;
1874;;;;;;;;;;;
1875;;;;;;;;;;;
1877;;;;;;;;;;;
1879;;;;;;;;;;;
1885;;;;;;;;;;;
1885;;;;;;;;;;;
1886;;;;;;;;;;;
1888;;;;;;;;;;;
1894;;;;;;;;;;;
1897;;;;;;;;;;;
1898;;;;;;;;;;;
1902;;;;;;;;;;;
1905;;;;;;;;;;;
1905;;;;;;;;;;;
1905;;;;;;;;;;;
1905;;;;;;;;;;;
1905;;;;;;;;;;;
1906;;;;;;;;;;;
1907;;;;;;;;;;;
1907;;;;;;;;;;;
1908;;;;;;;;;;;
1908;;;;;;;;;;;
1908;;;;;;;;;;;
1910;;;;;;;;;;;
1914;;;;;;;;;;;
1915;;;;;;;;;;;
1919;;;;;;;;;;;
1921;;;;;;;;;;;
1925;;;;;;;;;;;
1929;;;;;;;;;;;
1930;;;;;;;;;;;
1932;;;;;;;;;;;
1935;;;;;;;;;;;
1935;;;;;;;;;;;
1936;;;;;;;;;;;
1938;;;;;;;;;;;
1939;;;;;;;;;;;
1944;;;;;;;;;;;
1945;;;;;;;;;;;
1949;;;;;;;;;;;
1952;;;;;;;;;;;
1955;;;;;;;;;;;
1955;;;;;;;;;;;
1955;;;;;;;;;;;
1956;;;;;;;;;;;
1957;;;;;;;;;;;
1958;;;;;;;;;;;
1958;;;;;;;;;;;
1960;;;;;;;;;;;
1963;;;;;;;;;;;
1968;;;;;;;;;;;
1968;;;;;;;;;;;
1974;;;;;;;;;;;
1976;;;;;;;;;;;
1983;;;;;;;;;;;
1985;;;;;;;;;;;
1987;;;;;;;;;;;
1988;;;;;;;;;;;
1988;;;;;;;;;;;
1989;;;;;;;;;;;
1989;;;;;;;;;;;
1990;;;;;;;;;;;
1992;;;;;;;;;;;
1993;;;;;;;;;;;
1993;;;;;;;;;;;
1995;;;;;;;;;;;
1995;;;;;;;;;;;
1995;;;;;;;;;;;
2000;;;;;;;;;;;
2000;;;;;;;;;;;
2001;;;;;;;;;;;
2003;;;;;;;;;;;
2004;;;;;;;;;;;
2008;;;;;;;;;;;
2008;;;;;;;;;;;
2017;;;;;;;;;;;
2020;;;;;;;;;;;
2024;;;;;;;;;;;
2025;;;;;;;;;;;
2028;;;;;;;;;;;
2029;;;;;;;;;;;
2030;;;;;;;;;;;
2030;;;;;;;;;;;
2031;;;;;;;;;;;
2039;;;;;;;;;;;
2041;;;;;;;;;;;
2049;;;;;;;;;;;
2050;;;;;;;;;;;
2052;;;;;;;;;;;
2056;;;;;;;;;;;
2056;;;;;;;;;;;
2065;;;;;;;;;;;
2068;;;;;;;;;;;
2069;;;;;;;;;;;
2072;;;;;;;;;;;
2076;;;;;;;;;;;
2078;;;;;;;;;;;
2079;;;;;;;;;;;
2082;;;;;;;;;;;
2087;;;;;;;;;;;
2087;;;;;;;;;;;
2089;;;;;;;;;;;
2090;;;;;;;;;;;
2091;;;;;;;;;;;
2091;;;;;;;;;;;
2091;;;;;;;;;;;
2092;;;;;;;;;;;
2093;;;;;;;;;;;
2095;;;;;;;;;;;
2095;;;;;;;;;;;
2096;;;;;;;;;;;
2097;;;;;;;;;;;
2097;;;;;;;;;;;
2097;;;;;;;;;;;
2097;;;;;;;;;;;
2097;;;;;;;;;;;
2098;;;;;;;;;;;
2101;;;;;;;;;;;
2104;;;;;;;;;;;
2105;;;;;;;;;;;
2106;;;;;;;;;;;
2107;;;;;;;;;;;
2108;;;;;;;;;;;
2108;;;;;;;;;;;
2118;;;;;;;;;;;
2127;;;;;;;;;;;
2127;;;;;;;;;;;
2128;;;;;;;;;;;
2129;;;;;;;;;;;
2130;;;;;;;;;;;
2130;;;;;;;;;;;
2130;;;;;;;;;;;
2136;;;;;;;;;;;
2141;;;;;;;;;;;
2144;;;;;;;;;;;
2147;;;;;;;;;;;
2149;;;;;;;;;;;
2151;;;;;;;;;;;
2152;;;;;;;;;;;
2152;;;;;;;;;;;
2152;;;;;;;;;;;
2154;;;;;;;;;;;
2159;;;;;;;;;;;
2161;;;;;;;;;;;
2166;;;;;;;;;;;
2175;;;;;;;;;;;
2175;;;;;;;;;;;
2176;;;;;;;;;;;
2177;;;;;;;;;;;
2178;;;;;;;;;;;
2184;;;;;;;;;;;
2185;;;;;;;;;;;
2189;;;;;;;;;;;
2193;;;;;;;;;;;
2196;;;;;;;;;;;
2198;;;;;;;;;;;
2204;;;;;;;;;;;
2205;;;;;;;;;;;
2207;;;;;;;;;;;
2208;;;;;;;;;;;
2217;;;;;;;;;;;
2217;;;;;;;;;;;
2218;;;;;;;;;;;
2218;;;;;;;;;;;
2228;;;;;;;;;;;
2229;;;;;;;;;;;
2229;;;;;;;;;;;
2231;;;;;;;;;;;
2231;;;;;;;;;;;
2232;;;;;;;;;;;
2232;;;;;;;;;;;
2232;;;;;;;;;;;
2232;;;;;;;;;;;
2232;;;;;;;;;;;
2233;;;;;;;;;;;
2233;;;;;;;;;;;
2234;;;;;;;;;;;
2235;;;;;;;;;;;
2235;;;;;;;;;;;
2236;;;;;;;;;;;
2238;;;;;;;;;;;
2239;;;;;;;;;;;
2240;;;;;;;;;;;
2240;;;;;;;;;;;
2242;;;;;;;;;;;
2242;;;;;;;;;;;
2243;;;;;;;;;;;
2244;;;;;;;;;;;
2251;;;;;;;;;;;
2252;;;;;;;;;;;
2253;;;;;;;;;;;
2253;;;;;;;;;;;
2254;;;;;;;;;;;
2254;;;;;;;;;;;
2256;;;;;;;;;;;
2261;;;;;;;;;;;
2262;;;;;;;;;;;
2265;;;;;;;;;;;
2266;;;;;;;;;;;
2266;;;;;;;;;;;
2268;;;;;;;;;;;
2269;;;;;;;;;;;
2269;;;;;;;;;;;
2270;;;;;;;;;;;
2272;;;;;;;;;;;
2274;;;;;;;;;;;
2275;;;;;;;;;;;
2277;;;;;;;;;;;
2280;;;;;;;;;;;
2281;;;;;;;;;;;
2281;;;;;;;;;;;
2283;;;;;;;;;;;
2286;;;;;;;;;;;
2289;;;;;;;;;;;
2296;;;;;;;;;;;
2300;;;;;;;;;;;
2300;;;;;;;;;;;
2301;;;;;;;;;;;
2303;;;;;;;;;;;
2317;;;;;;;;;;;
2327;;;;;;;;;;;
2340;;;;;;;;;;;
2342;;;;;;;;;;;
2342;;;;;;;;;;;
2343;;;;;;;;;;;
2343;;;;;;;;;;;
2346;;;;;;;;;;;
2347;;;;;;;;;;;
2349;;;;;;;;;;;
2351;;;;;;;;;;;
2351;;;;;;;;;;;
2353;;;;;;;;;;;
2353;;;;;;;;;;;
2357;;;;;;;;;;;
2357;;;;;;;;;;;
2358;;;;;;;;;;;
2360;;;;;;;;;;;
2360;;;;;;;;;;;
2363;;;;;;;;;;;
2364;;;;;;;;;;;
2366;;;;;;;;;;;
2369;;;;;;;;;;;
2374;;;;;;;;;;;
2382;;;;;;;;;;;
2383;;;;;;;;;;;
2388;;;;;;;;;;;
2394;;;;;;;;;;;
2397;;;;;;;;;;;
2399;;;;;;;;;;;
2404;;;;;;;;;;;
2408;;;;;;;;;;;
2414;;;;;;;;;;;
2414;;;;;;;;;;;
2415;;;;;;;;;;;
2418;;;;;;;;;;;
2424;;;;;;;;;;;
2425;;;;;;;;;;;
2434;;;;;;;;;;;
2434;;;;;;;;;;;
2437;;;;;;;;;;;
2438;;;;;;;;;;;
2439;;;;;;;;;;;
2441;;;;;;;;;;;
2444;;;;;;;;;;;
2449;;;;;;;;;;;
2457;;;;;;;;;;;
2459;;;;;;;;;;;
2466;;;;;;;;;;;
2468;;;;;;;;;;;
2471;;;;;;;;;;;
2473;;;;;;;;;;;
2473;;;;;;;;;;;
2481;;;;;;;;;;;
2492;;;;;;;;;;;
2494;;;;;;;;;;;
2504;;;;;;;;;;;
2521;;;;;;;;;;;
2539;;;;;;;;;;;
2546;;;;;;;;;;;
2551;;;;;;;;;;;
2556;;;;;;;;;;;
2570;;;;;;;;;;;
2580;;;;;;;;;;;
2580;;;;;;;;;;;
2608;;;;;;;;;;;
2632;;;;;;;;;;;
2643;;;;;;;;;;;
2654;;;;;;;;;;;
2661;;;;;;;;;;;
2671;;;;;;;;;;;
2671;;;;;;;;;;;
2678;;;;;;;;;;;
2679;;;;;;;;;;;
2694;;;;;;;;;;;
2698;;;;;;;;;;;
2698;;;;;;;;;;;
2713;;;;;;;;;;;
2717;;;;;;;;;;;
2726;;;;;;;;;;;
2730;;;;;;;;;;;
2735;;;;;;;;;;;
2736;;;;;;;;;;;
2738;;;;;;;;;;;
2740;;;;;;;;;;;
2743;;;;;;;;;;;
2747;;;;;;;;;;;
2748;;;;;;;;;;;
2750;;;;;;;;;;;
2753;;;;;;;;;;;
2754;;;;;;;;;;;
2792;;;;;;;;;;;
2795;;;;;;;;;;;
2811;;;;;;;;;;;
2821;;;;;;;;;;;
2829;;;;;;;;;;;
2842;;;;;;;;;;;
2842;;;;;;;;;;;
2847;;;;;;;;;;;
2888;;;;;;;;;;;
2896;;;;;;;;;;;
2929;;;;;;;;;;;
2931;;;;;;;;;;;
2940;;;;;;;;;;;
2950;;;;;;;;;;;
2958;;;;;;;;;;;
2966;;;;;;;;;;;
2981;;;;;;;;;;;
2981;;;;;;;;;;;
3019;;;;;;;;;;;
3024;;;;;;;;;;;
3028;;;;;;;;;;;
3029;;;;;;;;;;;
3038;;;;;;;;;;;
3039;;;;;;;;;;;
3048;;;;;;;;;;;
3051;;;;;;;;;;;
3061;;;;;;;;;;;
3075;;;;;;;;;;;
3101;;;;;;;;;;;
3125;;;;;;;;;;;
3131;;;;;;;;;;;
3133;;;;;;;;;;;
3141;;;;;;;;;;;
3143;;;;;;;;;;;
3145;;;;;;;;;;;
3147;;;;;;;;;;;
3150;;;;;;;;;;;
3151;;;;;;;;;;;
3151;;;;;;;;;;;
3154;;;;;;;;;;;
3158;;;;;;;;;;;
3162;;;;;;;;;;;
3163;;;;;;;;;;;
3165;;;;;;;;;;;
3167;;;;;;;;;;;
3173;;;;;;;;;;;
3173;;;;;;;;;;;
3189;;;;;;;;;;;
3189;;;;;;;;;;;
3191;;;;;;;;;;;
3192;;;;;;;;;;;
3193;;;;;;;;;;;
3196;;;;;;;;;;;
3197;;;;;;;;;;;
3201;;;;;;;;;;;
3202;;;;;;;;;;;
3208;;;;;;;;;;;
3213;;;;;;;;;;;
3216;;;;;;;;;;;
3216;;;;;;;;;;;
3219;;;;;;;;;;;
3220;;;;;;;;;;;
3230;;;;;;;;;;;
3231;;;;;;;;;;;
3236;;;;;;;;;;;
3240;;;;;;;;;;;
3243;;;;;;;;;;;
3243;;;;;;;;;;;
3244;;;;;;;;;;;
3245;;;;;;;;;;;
3247;;;;;;;;;;;
3248;;;;;;;;;;;
3263;;;;;;;;;;;
3270;;;;;;;;;;;
3278;;;;;;;;;;;
3280;;;;;;;;;;;
3280;;;;;;;;;;;
3297;;;;;;;;;;;
3298;;;;;;;;;;;
3302;;;;;;;;;;;
3303;;;;;;;;;;;
3303;;;;;;;;;;;
3310;;;;;;;;;;;
3312;;;;;;;;;;;
3315;;;;;;;;;;;
3318;;;;;;;;;;;
3332;;;;;;;;;;;
3336;;;;;;;;;;;
3336;;;;;;;;;;;
3336;;;;;;;;;;;
3337;;;;;;;;;;;
3344;;;;;;;;;;;
3353;;;;;;;;;;;
3354;;;;;;;;;;;
3362;;;;;;;;;;;
3364;;;;;;;;;;;
3365;;;;;;;;;;;
3367;;;;;;;;;;;
3367;;;;;;;;;;;
3377;;;;;;;;;;;
3379;;;;;;;;;;;
3380;;;;;;;;;;;
3384;;;;;;;;;;;
3384;;;;;;;;;;;
3385;;;;;;;;;;;
3386;;;;;;;;;;;
3389;;;;;;;;;;;
3392;;;;;;;;;;;
3394;;;;;;;;;;;
3399;;;;;;;;;;;
3403;;;;;;;;;;;
3410;;;;;;;;;;;
3414;;;;;;;;;;;
3415;;;;;;;;;;;
3437;;;;;;;;;;;
3444;;;;;;;;;;;
3446;;;;;;;;;;;
3458;;;;;;;;;;;
3461;;;;;;;;;;;
3461;;;;;;;;;;;
3463;;;;;;;;;;;
3471;;;;;;;;;;;
3472;;;;;;;;;;;
3474;;;;;;;;;;;
3477;;;;;;;;;;;
3478;;;;;;;;;;;
3479;;;;;;;;;;;
3482;;;;;;;;;;;
3485;;;;;;;;;;;
3486;;;;;;;;;;;
3487;;;;;;;;;;;
3488;;;;;;;;;;;
3489;;;;;;;;;;;
3490;;;;;;;;;;;
3496;;;;;;;;;;;
3498;;;;;;;;;;;
3506;;;;;;;;;;;
3507;;;;;;;;;;;
3516;;;;;;;;;;;
3526;;;;;;;;;;;
3537;;;;;;;;;;;
3539;;;;;;;;;;;
3545;;;;;;;;;;;
3556;;;;;;;;;;;
3562;;;;;;;;;;;
3563;;;;;;;;;;;
3563;;;;;;;;;;;
3563;;;;;;;;;;;
3572;;;;;;;;;;;
3576;;;;;;;;;;;
3578;;;;;;;;;;;
3590;;;;;;;;;;;
3595;;;;;;;;;;;
3597;;;;;;;;;;;
3598;;;;;;;;;;;
3603;;;;;;;;;;;
3617;;;;;;;;;;;
3617;;;;;;;;;;;
3625;;;;;;;;;;;
3632;;;;;;;;;;;
3650;;;;;;;;;;;
3653;;;;;;;;;;;
3653;;;;;;;;;;;
3663;;;;;;;;;;;
3664;;;;;;;;;;;
3666;;;;;;;;;;;
3666;;;;;;;;;;;
3667;;;;;;;;;;;
3668;;;;;;;;;;;
3669;;;;;;;;;;;
3669;;;;;;;;;;;
3669;;;;;;;;;;;
3669;;;;;;;;;;;
3670;;;;;;;;;;;
3670;;;;;;;;;;;
3670;;;;;;;;;;;
3671;;;;;;;;;;;
3671;;;;;;;;;;;
3671;;;;;;;;;;;
3672;;;;;;;;;;;
3672;;;;;;;;;;;
3672;;;;;;;;;;;
3674;;;;;;;;;;;
3674;;;;;;;;;;;
3674;;;;;;;;;;;
3675;;;;;;;;;;;
3676;;;;;;;;;;;
3677;;;;;;;;;;;
3677;;;;;;;;;;;
3678;;;;;;;;;;;
3678;;;;;;;;;;;
3682;;;;;;;;;;;
3688;;;;;;;;;;;
3695;;;;;;;;;;;
3707;;;;;;;;;;;
3709;;;;;;;;;;;
3710;;;;;;;;;;;
3711;;;;;;;;;;;
3731;;;;;;;;;;;
3741;;;;;;;;;;;
3747;;;;;;;;;;;
3747;;;;;;;;;;;
3784;;;;;;;;;;;
3798;;;;;;;;;;;
3803;;;;;;;;;;;
3803;;;;;;;;;;;
3805;;;;;;;;;;;
3808;;;;;;;;;;;
3808;;;;;;;;;;;
3837;;;;;;;;;;;
3840;;;;;;;;;;;
3841;;;;;;;;;;;
3841;;;;;;;;;;;
3847;;;;;;;;;;;
3853;;;;;;;;;;;
3859;;;;;;;;;;;
3861;;;;;;;;;;;
3863;;;;;;;;;;;
3865;;;;;;;;;;;
3865;;;;;;;;;;;
3868;;;;;;;;;;;
3876;;;;;;;;;;;
3893;;;;;;;;;;;
3894;;;;;;;;;;;
3895;;;;;;;;;;;
3897;;;;;;;;;;;
3904;;;;;;;;;;;
3908;;;;;;;;;;;
3922;;;;;;;;;;;
3922;;;;;;;;;;;
3938;;;;;;;;;;;
3955;;;;;;;;;;;
3957;;;;;;;;;;;
3966;;;;;;;;;;;
3974;;;;;;;;;;;
3978;;;;;;;;;;;
3981;;;;;;;;;;;
3982;;;;;;;;;;;
3986;;;;;;;;;;;
3989;;;;;;;;;;;
3990;;;;;;;;;;;
3993;;;;;;;;;;;
3995;;;;;;;;;;;
4003;;;;;;;;;;;
4004;;;;;;;;;;;
4006;;;;;;;;;;;
4018;;;;;;;;;;;
4035;;;;;;;;;;;
4037;;;;;;;;;;;
4042;;;;;;;;;;;
4042;;;;;;;;;;;
4044;;;;;;;;;;;
4053;;;;;;;;;;;
4059;;;;;;;;;;;
4072;;;;;;;;;;;
4072;;;;;;;;;;;
4083;;;;;;;;;;;
4102;;;;;;;;;;;
4122;;;;;;;;;;;
4124;;;;;;;;;;;
4125;;;;;;;;;;;
4128;;;;;;;;;;;
4138;;;;;;;;;;;
4140;;;;;;;;;;;
4145;;;;;;;;;;;
4150;;;;;;;;;;;
4152;;;;;;;;;;;
4154;;;;;;;;;;;
4161;;;;;;;;;;;
4163;;;;;;;;;;;
4164;;;;;;;;;;;
4173;;;;;;;;;;;
4187;;;;;;;;;;;
4191;;;;;;;;;;;
4194;;;;;;;;;;;
4207;;;;;;;;;;;
4209;;;;;;;;;;;
4217;;;;;;;;;;;
4239;;;;;;;;;;;
4239;;;;;;;;;;;
4251;;;;;;;;;;;
4268;;;;;;;;;;;
4273;;;;;;;;;;;
4273;;;;;;;;;;;
4273;;;;;;;;;;;
4276;;;;;;;;;;;
4277;;;;;;;;;;;
4287;;;;;;;;;;;
4314;;;;;;;;;;;
4315;;;;;;;;;;;
4318;;;;;;;;;;;
4319;;;;;;;;;;;
4321;;;;;;;;;;;
4325;;;;;;;;;;;
4329;;;;;;;;;;;
4336;;;;;;;;;;;
4338;;;;;;;;;;;
4342;;;;;;;;;;;
4343;;;;;;;;;;;
4344;;;;;;;;;;;
4344;;;;;;;;;;;
4344;;;;;;;;;;;
4345;;;;;;;;;;;
4346;;;;;;;;;;;
4346;;;;;;;;;;;
4347;;;;;;;;;;;
4347;;;;;;;;;;;
4350;;;;;;;;;;;
4351;;;;;;;;;;;
4352;;;;;;;;;;;
4353;;;;;;;;;;;
4353;;;;;;;;;;;
4354;;;;;;;;;;;
4359;;;;;;;;;;;
4360;;;;;;;;;;;
4362;;;;;;;;;;;
4362;;;;;;;;;;;
4364;;;;;;;;;;;
4368;;;;;;;;;;;
4368;;;;;;;;;;;
4370;;;;;;;;;;;
4371;;;;;;;;;;;
4373;;;;;;;;;;;
4377;;;;;;;;;;;
4378;;;;;;;;;;;
4378;;;;;;;;;;;
4386;;;;;;;;;;;
4398;;;;;;;;;;;
4399;;;;;;;;;;;
4414;;;;;;;;;;;
4416;;;;;;;;;;;
4426;;;;;;;;;;;
4428;;;;;;;;;;;
4431;;;;;;;;;;;
4437;;;;;;;;;;;
4440;;;;;;;;;;;
4442;;;;;;;;;;;
4448;;;;;;;;;;;
4452;;;;;;;;;;;
4455;;;;;;;;;;;
4456;;;;;;;;;;;
4458;;;;;;;;;;;
4460;;;;;;;;;;;
4465;;;;;;;;;;;
4468;;;;;;;;;;;
4477;;;;;;;;;;;
4477;;;;;;;;;;;
4480;;;;;;;;;;;
4481;;;;;;;;;;;
4492;;;;;;;;;;;
4502;;;;;;;;;;;
4502;;;;;;;;;;;
4502;;;;;;;;;;;
4507;;;;;;;;;;;
4509;;;;;;;;;;;
4510;;;;;;;;;;;
4521;;;;;;;;;;;
4529;;;;;;;;;;;
4532;;;;;;;;;;;
4534;;;;;;;;;;;
4536;;;;;;;;;;;
4541;;;;;;;;;;;
4542;;;;;;;;;;;
4544;;;;;;;;;;;
4548;;;;;;;;;;;
4549;;;;;;;;;;;
4549;;;;;;;;;;;
4556;;;;;;;;;;;
4557;;;;;;;;;;;
4557;;;;;;;;;;;
4558;;;;;;;;;;;
4562;;;;;;;;;;;
4562;;;;;;;;;;;
4564;;;;;;;;;;;
4565;;;;;;;;;;;
4570;;;;;;;;;;;
4571;;;;;;;;;;;
4574;;;;;;;;;;;
4583;;;;;;;;;;;
4586;;;;;;;;;;;
4590;;;;;;;;;;;
4591;;;;;;;;;;;
4592;;;;;;;;;;;
4626;;;;;;;;;;;
4626;;;;;;;;;;;
4626;;;;;;;;;;;
4628;;;;;;;;;;;
4630;;;;;;;;;;;
4631;;;;;;;;;;;
4633;;;;;;;;;;;
4634;;;;;;;;;;;
4637;;;;;;;;;;;
4639;;;;;;;;;;;
4663;;;;;;;;;;;
4665;;;;;;;;;;;
4667;;;;;;;;;;;
4683;;;;;;;;;;;
4689;;;;;;;;;;;
4714;;;;;;;;;;;
4719;;;;;;;;;;;
4719;;;;;;;;;;;
4719;;;;;;;;;;;
4719;;;;;;;;;;;
4722;;;;;;;;;;;
4726;;;;;;;;;;;
4731;;;;;;;;;;;
4744;;;;;;;;;;;
4744;;;;;;;;;;;
4744;;;;;;;;;;;
4748;;;;;;;;;;;
4751;;;;;;;;;;;
4753;;;;;;;;;;;
4753;;;;;;;;;;;
4759;;;;;;;;;;;
4760;;;;;;;;;;;
4764;;;;;;;;;;;
4765;;;;;;;;;;;
4766;;;;;;;;;;;
4767;;;;;;;;;;;
4769;;;;;;;;;;;
4770;;;;;;;;;;;
4775;;;;;;;;;;;
4777;;;;;;;;;;;
4779;;;;;;;;;;;
4781;;;;;;;;;;;
4781;;;;;;;;;;;
4794;;;;;;;;;;;
4794;;;;;;;;;;;
4800;;;;;;;;;;;
4811;;;;;;;;;;;
4826;;;;;;;;;;;
4828;;;;;;;;;;;
4832;;;;;;;;;;;
4832;;;;;;;;;;;
4835;;;;;;;;;;;
4841;;;;;;;;;;;
4841;;;;;;;;;;;
4846;;;;;;;;;;;
4857;;;;;;;;;;;
4858;;;;;;;;;;;
4859;;;;;;;;;;;
4864;;;;;;;;;;;
4865;;;;;;;;;;;
4879;;;;;;;;;;;
4879;;;;;;;;;;;
4882;;;;;;;;;;;
4882;;;;;;;;;;;
4884;;;;;;;;;;;
4884;;;;;;;;;;;
4886;;;;;;;;;;;
4888;;;;;;;;;;;
4890;;;;;;;;;;;
4899;;;;;;;;;;;
4900;;;;;;;;;;;
4901;;;;;;;;;;;
4901;;;;;;;;;;;
4903;;;;;;;;;;;
4905;;;;;;;;;;;
4908;;;;;;;;;;;
4911;;;;;;;;;;;
4919;;;;;;;;;;;
4919;;;;;;;;;;;
4921;;;;;;;;;;;
4922;;;;;;;;;;;
4924;;;;;;;;;;;
4924;;;;;;;;;;;
4924;;;;;;;;;;;
4929;;;;;;;;;;;
4934;;;;;;;;;;;
4935;;;;;;;;;;;
4935;;;;;;;;;;;
4941;;;;;;;;;;;
4943;;;;;;;;;;;
4948;;;;;;;;;;;
4967;;;;;;;;;;;
4967;;;;;;;;;;;
4969;;;;;;;;;;;
4970;;;;;;;;;;;
4978;;;;;;;;;;;
4980;;;;;;;;;;;
4981;;;;;;;;;;;
4987;;;;;;;;;;;
4988;;;;;;;;;;;
4990;;;;;;;;;;;
4990;;;;;;;;;;;
5004;;;;;;;;;;;
5005;;;;;;;;;;;
5007;;;;;;;;;;;
5008;;;;;;;;;;;
5011;;;;;;;;;;;
5011;;;;;;;;;;;
5011;;;;;;;;;;;
5017;;;;;;;;;;;
5018;;;;;;;;;;;
5021;;;;;;;;;;;
5025;;;;;;;;;;;
5031;;;;;;;;;;;
5032;;;;;;;;;;;
5036;;;;;;;;;;;
5036;;;;;;;;;;;
5037;;;;;;;;;;;
5039;;;;;;;;;;;
5039;;;;;;;;;;;
5046;;;;;;;;;;;
5057;;;;;;;;;;;
5057;;;;;;;;;;;
5057;;;;;;;;;;;
5059;;;;;;;;;;;
5060;;;;;;;;;;;
5061;;;;;;;;;;;
5063;;;;;;;;;;;
5065;;;;;;;;;;;
5066;;;;;;;;;;;
5077;;;;;;;;;;;
5079;;;;;;;;;;;
5083;;;;;;;;;;;
5089;;;;;;;;;;;
5100;;;;;;;;;;;
5100;;;;;;;;;;;
5102;;;;;;;;;;;
5105;;;;;;;;;;;
5107;;;;;;;;;;;
5120;;;;;;;;;;;
5122;;;;;;;;;;;
5122;;;;;;;;;;;
5125;;;;;;;;;;;
5125;;;;;;;;;;;
5130;;;;;;;;;;;
5131;;;;;;;;;;;
5133;;;;;;;;;;;
5136;;;;;;;;;;;
5136;;;;;;;;;;;
5137;;;;;;;;;;;
5138;;;;;;;;;;;
5138;;;;;;;;;;;
5140;;;;;;;;;;;
5148;;;;;;;;;;;
5149;;;;;;;;;;;
5150;;;;;;;;;;;
5154;;;;;;;;;;;
5160;;;;;;;;;;;
5161;;;;;;;;;;;
5163;;;;;;;;;;;
5164;;;;;;;;;;;
5165;;;;;;;;;;;
5169;;;;;;;;;;;
5169;;;;;;;;;;;
5171;;;;;;;;;;;
5180;;;;;;;;;;;
5185;;;;;;;;;;;
5186;;;;;;;;;;;
5188;;;;;;;;;;;
5193;;;;;;;;;;;
5198;;;;;;;;;;;
5200;;;;;;;;;;;
5202;;;;;;;;;;;
5207;;;;;;;;;;;
5215;;;;;;;;;;;
5228;;;;;;;;;;;
5231;;;;;;;;;;;
5233;;;;;;;;;;;
5234;;;;;;;;;;;
5234;;;;;;;;;;;
5237;;;;;;;;;;;
5240;;;;;;;;;;;
5240;;;;;;;;;;;
5245;;;;;;;;;;;
5248;;;;;;;;;;;
5257;;;;;;;;;;;
5259;;;;;;;;;;;
5261;;;;;;;;;;;
5262;;;;;;;;;;;
5262;;;;;;;;;;;
5262;;;;;;;;;;;
5262;;;;;;;;;;;
5263;;;;;;;;;;;
5266;;;;;;;;;;;
5266;;;;;;;;;;;
5267;;;;;;;;;;;
5268;;;;;;;;;;;
5271;;;;;;;;;;;
5276;;;;;;;;;;;
5276;;;;;;;;;;;
5281;;;;;;;;;;;
5281;;;;;;;;;;;
5301;;;;;;;;;;;
5307;;;;;;;;;;;
5313;;;;;;;;;;;
5313;;;;;;;;;;;
5314;;;;;;;;;;;
5314;;;;;;;;;;;
5315;;;;;;;;;;;
5316;;;;;;;;;;;
5317;;;;;;;;;;;
5317;;;;;;;;;;;
5318;;;;;;;;;;;
5318;;;;;;;;;;;
5319;;;;;;;;;;;
5320;;;;;;;;;;;
5320;;;;;;;;;;;
5321;;;;;;;;;;;
5321;;;;;;;;;;;
5322;;;;;;;;;;;
5323;;;;;;;;;;;
5324;;;;;;;;;;;
5325;;;;;;;;;;;
5327;;;;;;;;;;;
5329;;;;;;;;;;;
5331;;;;;;;;;;;
5341;;;;;;;;;;;
5341;;;;;;;;;;;
5352;;;;;;;;;;;
5354;;;;;;;;;;;
5355;;;;;;;;;;;
5355;;;;;;;;;;;
5358;;;;;;;;;;;
5361;;;;;;;;;;;
5362;;;;;;;;;;;
5390;;;;;;;;;;;
5391;;;;;;;;;;;
5392;;;;;;;;;;;
5392;;;;;;;;;;;
5392;;;;;;;;;;;
5392;;;;;;;;;;;
5393;;;;;;;;;;;
5394;;;;;;;;;;;
5395;;;;;;;;;;;
5398;;;;;;;;;;;
5400;;;;;;;;;;;
5415;;;;;;;;;;;
5420;;;;;;;;;;;
5421;;;;;;;;;;;
5423;;;;;;;;;;;
5424;;;;;;;;;;;
5425;;;;;;;;;;;
5425;;;;;;;;;;;
5427;;;;;;;;;;;
5429;;;;;;;;;;;
5438;;;;;;;;;;;
5443;;;;;;;;;;;
5444;;;;;;;;;;;
5445;;;;;;;;;;;
5446;;;;;;;;;;;
5446;;;;;;;;;;;
5447;;;;;;;;;;;
5448;;;;;;;;;;;
5449;;;;;;;;;;;
5449;;;;;;;;;;;
5449;;;;;;;;;;;
5450;;;;;;;;;;;
5451;;;;;;;;;;;
5451;;;;;;;;;;;
5451;;;;;;;;;;;
5453;;;;;;;;;;;
5453;;;;;;;;;;;
5453;;;;;;;;;;;
5454;;;;;;;;;;;
5454;;;;;;;;;;;
5457;;;;;;;;;;;
5462;;;;;;;;;;;
5471;;;;;;;;;;;
5475;;;;;;;;;;;
5476;;;;;;;;;;;
5479;;;;;;;;;;;
5482;;;;;;;;;;;
5482;;;;;;;;;;;
5484;;;;;;;;;;;
5484;;;;;;;;;;;
5486;;;;;;;;;;;
5486;;;;;;;;;;;
5490;;;;;;;;;;;
5491;;;;;;;;;;;
5492;;;;;;;;;;;
5492;;;;;;;;;;;
5493;;;;;;;;;;;
5494;;;;;;;;;;;
5495;;;;;;;;;;;
5497;;;;;;;;;;;
5497;;;;;;;;;;;
5507;;;;;;;;;;;
5517;;;;;;;;;;;
5523;;;;;;;;;;;
5523;;;;;;;;;;;
5525;;;;;;;;;;;
5528;;;;;;;;;;;
5531;;;;;;;;;;;
5540;;;;;;;;;;;
5541;;;;;;;;;;;
5552;;;;;;;;;;;
5552;;;;;;;;;;;
5558;;;;;;;;;;;
5565;;;;;;;;;;;
5572;;;;;;;;;;;
5573;;;;;;;;;;;
5574;;;;;;;;;;;
5577;;;;;;;;;;;
5583;;;;;;;;;;;
5597;;;;;;;;;;;
5603;;;;;;;;;;;
5605;;;;;;;;;;;
5606;;;;;;;;;;;
5610;;;;;;;;;;;
5626;;;;;;;;;;;
5648;;;;;;;;;;;
5651;;;;;;;;;;;
5652;;;;;;;;;;;
5653;;;;;;;;;;;
5653;;;;;;;;;;;
5654;;;;;;;;;;;
5657;;;;;;;;;;;
5658;;;;;;;;;;;
5658;;;;;;;;;;;
5658;;;;;;;;;;;
5661;;;;;;;;;;;
5662;;;;;;;;;;;
5680;;;;;;;;;;;
5683;;;;;;;;;;;
5696;;;;;;;;;;;
5700;;;;;;;;;;;
5713;;;;;;;;;;;
5721;;;;;;;;;;;
5728;;;;;;;;;;;
5734;;;;;;;;;;;
5739;;;;;;;;;;;
5747;;;;;;;;;;;
5759;;;;;;;;;;;
5761;;;;;;;;;;;
5769;;;;;;;;;;;
5769;;;;;;;;;;;
5770;;;;;;;;;;;
5774;;;;;;;;;;;
5784;;;;;;;;;;;
5791;;;;;;;;;;;
5803;;;;;;;;;;;
5811;;;;;;;;;;;
5815;;;;;;;;;;;
5819;;;;;;;;;;;
5820;;;;;;;;;;;
5821;;;;;;;;;;;
5821;;;;;;;;;;;
5835;;;;;;;;;;;
5857;;;;;;;;;;;
5857;;;;;;;;;;;
5871;;;;;;;;;;;
5873;;;;;;;;;;;
5898;;;;;;;;;;;
5901;;;;;;;;;;;
5904;;;;;;;;;;;
5923;;;;;;;;;;;
5927;;;;;;;;;;;
5936;;;;;;;;;;;
5936;;;;;;;;;;;
5939;;;;;;;;;;;
5940;;;;;;;;;;;
5940;;;;;;;;;;;
5947;;;;;;;;;;;
5953;;;;;;;;;;;
5956;;;;;;;;;;;
5956;;;;;;;;;;;
5971;;;;;;;;;;;
5976;;;;;;;;;;;
5976;;;;;;;;;;;
5993;;;;;;;;;;;
6012;;;;;;;;;;;
6017;;;;;;;;;;;
6018;;;;;;;;;;;
6025;;;;;;;;;;;
6031;;;;;;;;;;;
6032;;;;;;;;;;;
6037;;;;;;;;;;;
6038;;;;;;;;;;;
6040;;;;;;;;;;;
6041;;;;;;;;;;;
6042;;;;;;;;;;;
6052;;;;;;;;;;;
6057;;;;;;;;;;;
6065;;;;;;;;;;;
6067;;;;;;;;;;;
6068;;;;;;;;;;;
6071;;;;;;;;;;;
6071;;;;;;;;;;;
6074;;;;;;;;;;;
6079;;;;;;;;;;;
6084;;;;;;;;;;;
6084;;;;;;;;;;;
6088;;;;;;;;;;;
6089;;;;;;;;;;;
6095;;;;;;;;;;;
6102;;;;;;;;;;;
6103;;;;;;;;;;;
6114;;;;;;;;;;;
6130;;;;;;;;;;;
6130;;;;;;;;;;;
6143;;;;;;;;;;;
6153;;;;;;;;;;;
6155;;;;;;;;;;;
6156;;;;;;;;;;;
6158;;;;;;;;;;;
6162;;;;;;;;;;;
6167;;;;;;;;;;;
6168;;;;;;;;;;;
6170;;;;;;;;;;;
6172;;;;;;;;;;;
6175;;;;;;;;;;;
6177;;;;;;;;;;;
6178;;;;;;;;;;;
6179;;;;;;;;;;;
6180;;;;;;;;;;;
6180;;;;;;;;;;;
6182;;;;;;;;;;;
6183;;;;;;;;;;;
6187;;;;;;;;;;;
6190;;;;;;;;;;;
6206;;;;;;;;;;;
6208;;;;;;;;;;;
6214;;;;;;;;;;;
6222;;;;;;;;;;;
6229;;;;;;;;;;;
6231;;;;;;;;;;;
6233;;;;;;;;;;;
6234;;;;;;;;;;;
6237;;;;;;;;;;;
6238;;;;;;;;;;;
6242;;;;;;;;;;;
6242;;;;;;;;;;;
6242;;;;;;;;;;;
6244;;;;;;;;;;;
6244;;;;;;;;;;;
6251;;;;;;;;;;;
6255;;;;;;;;;;;
6256;;;;;;;;;;;
6258;;;;;;;;;;;
6260;;;;;;;;;;;
6262;;;;;;;;;;;
6264;;;;;;;;;;;
6264;;;;;;;;;;;
6268;;;;;;;;;;;
6272;;;;;;;;;;;
6278;;;;;;;;;;;
6278;;;;;;;;;;;
6284;;;;;;;;;;;
6292;;;;;;;;;;;
6299;;;;;;;;;;;
6300;;;;;;;;;;;
6301;;;;;;;;;;;
6302;;;;;;;;;;;
6303;;;;;;;;;;;
6304;;;;;;;;;;;
6304;;;;;;;;;;;
6306;;;;;;;;;;;
6307;;;;;;;;;;;
6311;;;;;;;;;;;
6314;;;;;;;;;;;
6319;;;;;;;;;;;
6320;;;;;;;;;;;
6323;;;;;;;;;;;
6335;;;;;;;;;;;
6336;;;;;;;;;;;
6336;;;;;;;;;;;
6339;;;;;;;;;;;
6340;;;;;;;;;;;
6343;;;;;;;;;;;
6350;;;;;;;;;;;
6362;;;;;;;;;;;
6368;;;;;;;;;;;
6386;;;;;;;;;;;
6395;;;;;;;;;;;
6406;;;;;;;;;;;
6407;;;;;;;;;;;
6414;;;;;;;;;;;
6423;;;;;;;;;;;
6423;;;;;;;;;;;
6428;;;;;;;;;;;
6447;;;;;;;;;;;
6452;;;;;;;;;;;
6453;;;;;;;;;;;
6454;;;;;;;;;;;
6467;;;;;;;;;;;
6483;;;;;;;;;;;
6484;;;;;;;;;;;
6493;;;;;;;;;;;
6493;;;;;;;;;;;
6497;;;;;;;;;;;
6499;;;;;;;;;;;
6499;;;;;;;;;;;
6502;;;;;;;;;;;
6506;;;;;;;;;;;
6507;;;;;;;;;;;
6507;;;;;;;;;;;
6508;;;;;;;;;;;
6512;;;;;;;;;;;
6513;;;;;;;;;;;
6513;;;;;;;;;;;
6515;;;;;;;;;;;
6517;;;;;;;;;;;
6522;;;;;;;;;;;
6533;;;;;;;;;;;
6538;;;;;;;;;;;
6548;;;;;;;;;;;
6552;;;;;;;;;;;
6554;;;;;;;;;;;
6556;;;;;;;;;;;
6561;;;;;;;;;;;
6562;;;;;;;;;;;
6572;;;;;;;;;;;
6572;;;;;;;;;;;
6581;;;;;;;;;;;
6589;;;;;;;;;;;
6589;;;;;;;;;;;
6605;;;;;;;;;;;
6605;;;;;;;;;;;
6613;;;;;;;;;;;
6617;;;;;;;;;;;
6619;;;;;;;;;;;
6626;;;;;;;;;;;
6631;;;;;;;;;;;
6633;;;;;;;;;;;
6639;;;;;;;;;;;
6646;;;;;;;;;;;
6648;;;;;;;;;;;
6649;;;;;;;;;;;
6649;;;;;;;;;;;
6651;;;;;;;;;;;
6654;;;;;;;;;;;
6654;;;;;;;;;;;
6655;;;;;;;;;;;
6656;;;;;;;;;;;
6657;;;;;;;;;;;
6659;;;;;;;;;;;
6662;;;;;;;;;;;
6663;;;;;;;;;;;
6663;;;;;;;;;;;
6665;;;;;;;;;;;
6668;;;;;;;;;;;
6668;;;;;;;;;;;
6670;;;;;;;;;;;
6673;;;;;;;;;;;
6673;;;;;;;;;;;
6677;;;;;;;;;;;
6677;;;;;;;;;;;
6679;;;;;;;;;;;
6683;;;;;;;;;;;
6686;;;;;;;;;;;
6687;;;;;;;;;;;
6689;;;;;;;;;;;
6689;;;;;;;;;;;
6696;;;;;;;;;;;
6700;;;;;;;;;;;
6701;;;;;;;;;;;
6705;;;;;;;;;;;
6705;;;;;;;;;;;
6707;;;;;;;;;;;
6708;;;;;;;;;;;
6711;;;;;;;;;;;
6724;;;;;;;;;;;
6724;;;;;;;;;;;
6733;;;;;;;;;;;
6739;;;;;;;;;;;
6741;;;;;;;;;;;
6754;;;;;;;;;;;
6755;;;;;;;;;;;
6758;;;;;;;;;;;
6760;;;;;;;;;;;
6762;;;;;;;;;;;
6763;;;;;;;;;;;
6764;;;;;;;;;;;
6764;;;;;;;;;;;
6768;;;;;;;;;;;
6768;;;;;;;;;;;
6769;;;;;;;;;;;
6769;;;;;;;;;;;
6772;;;;;;;;;;;
6775;;;;;;;;;;;
6778;;;;;;;;;;;
6778;;;;;;;;;;;
6786;;;;;;;;;;;
6787;;;;;;;;;;;
6794;;;;;;;;;;;
6802;;;;;;;;;;;
6806;;;;;;;;;;;
6808;;;;;;;;;;;
6809;;;;;;;;;;;
6816;;;;;;;;;;;
6817;;;;;;;;;;;
6817;;;;;;;;;;;
6817;;;;;;;;;;;
6827;;;;;;;;;;;
6828;;;;;;;;;;;
6829;;;;;;;;;;;
6832;;;;;;;;;;;
6832;;;;;;;;;;;
6834;;;;;;;;;;;
6842;;;;;;;;;;;
6843;;;;;;;;;;;
6845;;;;;;;;;;;
6845;;;;;;;;;;;
6864;;;;;;;;;;;
6868;;;;;;;;;;;
6875;;;;;;;;;;;
6880;;;;;;;;;;;
6880;;;;;;;;;;;
6889;;;;;;;;;;;
6894;;;;;;;;;;;
6898;;;;;;;;;;;
6903;;;;;;;;;;;
6906;;;;;;;;;;;
6908;;;;;;;;;;;
6910;;;;;;;;;;;
6911;;;;;;;;;;;
6912;;;;;;;;;;;
6913;;;;;;;;;;;
6914;;;;;;;;;;;
6924;;;;;;;;;;;
6924;;;;;;;;;;;
6926;;;;;;;;;;;
6928;;;;;;;;;;;
6936;;;;;;;;;;;
6939;;;;;;;;;;;
6939;;;;;;;;;;;
6940;;;;;;;;;;;
6943;;;;;;;;;;;
6944;;;;;;;;;;;
6945;;;;;;;;;;;
6946;;;;;;;;;;;
6948;;;;;;;;;;;
6951;;;;;;;;;;;
6951;;;;;;;;;;;
6952;;;;;;;;;;;
6955;;;;;;;;;;;
6964;;;;;;;;;;;
6965;;;;;;;;;;;
6970;;;;;;;;;;;
6972;;;;;;;;;;;
6974;;;;;;;;;;;
6977;;;;;;;;;;;
6978;;;;;;;;;;;
6983;;;;;;;;;;;
6987;;;;;;;;;;;
6988;;;;;;;;;;;
6991;;;;;;;;;;;
6993;;;;;;;;;;;
6994;;;;;;;;;;;
6997;;;;;;;;;;;
6997;;;;;;;;;;;
7001;;;;;;;;;;;
7001;;;;;;;;;;;
7008;;;;;;;;;;;
7011;;;;;;;;;;;
7013;;;;;;;;;;;
7014;;;;;;;;;;;
7015;;;;;;;;;;;
7015;;;;;;;;;;;
7021;;;;;;;;;;;
7023;;;;;;;;;;;
7025;;;;;;;;;;;
7027;;;;;;;;;;;
7028;;;;;;;;;;;
7028;;;;;;;;;;;
7029;;;;;;;;;;;
7030;;;;;;;;;;;
7033;;;;;;;;;;;
7036;;;;;;;;;;;
7042;;;;;;;;;;;
7059;;;;;;;;;;;
7064;;;;;;;;;;;
7069;;;;;;;;;;;
7071;;;;;;;;;;;
7071;;;;;;;;;;;
7071;;;;;;;;;;;
7073;;;;;;;;;;;
7074;;;;;;;;;;;
7075;;;;;;;;;;;
7076;;;;;;;;;;;
7077;;;;;;;;;;;
7078;;;;;;;;;;;
7079;;;;;;;;;;;
7079;;;;;;;;;;;
7080;;;;;;;;;;;
7082;;;;;;;;;;;
7085;;;;;;;;;;;
7091;;;;;;;;;;;
7092;;;;;;;;;;;
7096;;;;;;;;;;;
7103;;;;;;;;;;;
7105;;;;;;;;;;;
7106;;;;;;;;;;;
7107;;;;;;;;;;;
7109;;;;;;;;;;;
7112;;;;;;;;;;;
7112;;;;;;;;;;;
7113;;;;;;;;;;;
7115;;;;;;;;;;;
7116;;;;;;;;;;;
7117;;;;;;;;;;;
7117;;;;;;;;;;;
7118;;;;;;;;;;;
7119;;;;;;;;;;;
7123;;;;;;;;;;;
7124;;;;;;;;;;;
7125;;;;;;;;;;;
7128;;;;;;;;;;;
7129;;;;;;;;;;;
7133;;;;;;;;;;;
7134;;;;;;;;;;;
7135;;;;;;;;;;;
7140;;;;;;;;;;;
7140;;;;;;;;;;;
7141;;;;;;;;;;;
7153;;;;;;;;;;;
7162;;;;;;;;;;;
7173;;;;;;;;;;;
7179;;;;;;;;;;;
7179;;;;;;;;;;;
7184;;;;;;;;;;;
7187;;;;;;;;;;;
7194;;;;;;;;;;;
7197;;;;;;;;;;;
7198;;;;;;;;;;;
7211;;;;;;;;;;;
7220;;;;;;;;;;;
7228;;;;;;;;;;;
7231;;;;;;;;;;;
7232;;;;;;;;;;;
7232;;;;;;;;;;;
7232;;;;;;;;;;;
7232;;;;;;;;;;;
7245;;;;;;;;;;;
7248;;;;;;;;;;;
7252;;;;;;;;;;;
7255;;;;;;;;;;;
7264;;;;;;;;;;;
7275;;;;;;;;;;;
7281;;;;;;;;;;;
7292;;;;;;;;;;;
7292;;;;;;;;;;;
7295;;;;;;;;;;;
7296;;;;;;;;;;;
7296;;;;;;;;;;;
7298;;;;;;;;;;;
7302;;;;;;;;;;;
7315;;;;;;;;;;;
7323;;;;;;;;;;;
7329;;;;;;;;;;;
7329;;;;;;;;;;;
7329;;;;;;;;;;;
7331;;;;;;;;;;;
7334;;;;;;;;;;;
7336;;;;;;;;;;;
7337;;;;;;;;;;;
7341;;;;;;;;;;;
7354;;;;;;;;;;;
7358;;;;;;;;;;;
7360;;;;;;;;;;;
7368;;;;;;;;;;;
7373;;;;;;;;;;;
7377;;;;;;;;;;;
7377;;;;;;;;;;;
7380;;;;;;;;;;;
7382;;;;;;;;;;;
7386;;;;;;;;;;;
7386;;;;;;;;;;;
7387;;;;;;;;;;;
7390;;;;;;;;;;;
7393;;;;;;;;;;;
7407;;;;;;;;;;;
7408;;;;;;;;;;;
7409;;;;;;;;;;;
7413;;;;;;;;;;;
7418;;;;;;;;;;;
7420;;;;;;;;;;;
7421;;;;;;;;;;;
7424;;;;;;;;;;;
7432;;;;;;;;;;;
7436;;;;;;;;;;;
7438;;;;;;;;;;;
7440;;;;;;;;;;;
7442;;;;;;;;;;;
7444;;;;;;;;;;;
7445;;;;;;;;;;;
7452;;;;;;;;;;;
7456;;;;;;;;;;;
7474;;;;;;;;;;;
7475;;;;;;;;;;;
7475;;;;;;;;;;;
7476;;;;;;;;;;;
7479;;;;;;;;;;;
7485;;;;;;;;;;;
7487;;;;;;;;;;;
7490;;;;;;;;;;;
7492;;;;;;;;;;;
7493;;;;;;;;;;;
7496;;;;;;;;;;;
7564;;;;;;;;;;;
7574;;;;;;;;;;;
7591;;;;;;;;;;;
7593;;;;;;;;;;;
7593;;;;;;;;;;;
7594;;;;;;;;;;;
7601;;;;;;;;;;;
7617;;;;;;;;;;;
7621;;;;;;;;;;;
7624;;;;;;;;;;;
7641;;;;;;;;;;;
7642;;;;;;;;;;;
7646;;;;;;;;;;;
7650;;;;;;;;;;;
7664;;;;;;;;;;;
7673;;;;;;;;;;;
7677;;;;;;;;;;;
7679;;;;;;;;;;;
7685;;;;;;;;;;;
7687;;;;;;;;;;;
7689;;;;;;;;;;;
7700;;;;;;;;;;;
7701;;;;;;;;;;;
7701;;;;;;;;;;;
7703;;;;;;;;;;;
7705;;;;;;;;;;;
7706;;;;;;;;;;;
7708;;;;;;;;;;;
7711;;;;;;;;;;;
7716;;;;;;;;;;;
7728;;;;;;;;;;;
7732;;;;;;;;;;;
7738;;;;;;;;;;;
7740;;;;;;;;;;;
7747;;;;;;;;;;;
7748;;;;;;;;;;;
7751;;;;;;;;;;;
7758;;;;;;;;;;;
7761;;;;;;;;;;;
7768;;;;;;;;;;;
7774;;;;;;;;;;;
7775;;;;;;;;;;;
7776;;;;;;;;;;;
7780;;;;;;;;;;;
7782;;;;;;;;;;;
7782;;;;;;;;;;;
7785;;;;;;;;;;;
7789;;;;;;;;;;;
7793;;;;;;;;;;;
7793;;;;;;;;;;;
7794;;;;;;;;;;;
7794;;;;;;;;;;;
7794;;;;;;;;;;;
7798;;;;;;;;;;;
7798;;;;;;;;;;;
7801;;;;;;;;;;;
7801;;;;;;;;;;;
7802;;;;;;;;;;;
7807;;;;;;;;;;;
7808;;;;;;;;;;;
7809;;;;;;;;;;;
7811;;;;;;;;;;;
7813;;;;;;;;;;;
7813;;;;;;;;;;;
7814;;;;;;;;;;;
7818;;;;;;;;;;;
7818;;;;;;;;;;;
7820;;;;;;;;;;;
7821;;;;;;;;;;;
7828;;;;;;;;;;;
7832;;;;;;;;;;;
7836;;;;;;;;;;;
7837;;;;;;;;;;;
7846;;;;;;;;;;;
7851;;;;;;;;;;;
7855;;;;;;;;;;;
7858;;;;;;;;;;;
7869;;;;;;;;;;;
7875;;;;;;;;;;;
7885;;;;;;;;;;;
7895;;;;;;;;;;;
7900;;;;;;;;;;;
7900;;;;;;;;;;;
7903;;;;;;;;;;;
7914;;;;;;;;;;;
7921;;;;;;;;;;;
7928;;;;;;;;;;;
7928;;;;;;;;;;;
7931;;;;;;;;;;;
7932;;;;;;;;;;;
7934;;;;;;;;;;;
7941;;;;;;;;;;;
7947;;;;;;;;;;;
7947;;;;;;;;;;;
7950;;;;;;;;;;;
7958;;;;;;;;;;;
7960;;;;;;;;;;;
7978;;;;;;;;;;;
7986;;;;;;;;;;;
7986;;;;;;;;;;;
7988;;;;;;;;;;;
7994;;;;;;;;;;;
7994;;;;;;;;;;;
8000;;;;;;;;;;;
8001;;;;;;;;;;;
8004;;;;;;;;;;;
8004;;;;;;;;;;;
8009;;;;;;;;;;;
8009;;;;;;;;;;;
8016;;;;;;;;;;;
8022;;;;;;;;;;;
8024;;;;;;;;;;;
8030;;;;;;;;;;;
8031;;;;;;;;;;;
8031;;;;;;;;;;;
8055;;;;;;;;;;;
8058;;;;;;;;;;;
8059;;;;;;;;;;;
8059;;;;;;;;;;;
8063;;;;;;;;;;;
8066;;;;;;;;;;;
8067;;;;;;;;;;;
8071;;;;;;;;;;;
8076;;;;;;;;;;;
8081;;;;;;;;;;;
8082;;;;;;;;;;;
8089;;;;;;;;;;;
8090;;;;;;;;;;;
8092;;;;;;;;;;;
8094;;;;;;;;;;;
8099;;;;;;;;;;;
8099;;;;;;;;;;;
8099;;;;;;;;;;;
8104;;;;;;;;;;;
8104;;;;;;;;;;;
8113;;;;;;;;;;;
8119;;;;;;;;;;;
8119;;;;;;;;;;;
8119;;;;;;;;;;;
8128;;;;;;;;;;;
8135;;;;;;;;;;;
8135;;;;;;;;;;;
8137;;;;;;;;;;;
8137;;;;;;;;;;;
8140;;;;;;;;;;;
8147;;;;;;;;;;;
8147;;;;;;;;;;;
8148;;;;;;;;;;;
8148;;;;;;;;;;;
8154;;;;;;;;;;;
8154;;;;;;;;;;;
8162;;;;;;;;;;;
8163;;;;;;;;;;;
8166;;;;;;;;;;;
8168;;;;;;;;;;;
8169;;;;;;;;;;;
8169;;;;;;;;;;;
8172;;;;;;;;;;;
8173;;;;;;;;;;;
8175;;;;;;;;;;;
8175;;;;;;;;;;;
8176;;;;;;;;;;;
8176;;;;;;;;;;;
8178;;;;;;;;;;;
8181;;;;;;;;;;;
8186;;;;;;;;;;;
8187;;;;;;;;;;;
8188;;;;;;;;;;;
8189;;;;;;;;;;;
8191;;;;;;;;;;;
8191;;;;;;;;;;;
8193;;;;;;;;;;;
8194;;;;;;;;;;;
8195;;;;;;;;;;;
8196;;;;;;;;;;;
8198;;;;;;;;;;;
8199;;;;;;;;;;;
8200;;;;;;;;;;;
8209;;;;;;;;;;;
8211;;;;;;;;;;;
8216;;;;;;;;;;;
8216;;;;;;;;;;;
8217;;;;;;;;;;;
8217;;;;;;;;;;;
8218;;;;;;;;;;;
8218;;;;;;;;;;;
8221;;;;;;;;;;;
8221;;;;;;;;;;;
8222;;;;;;;;;;;
8223;;;;;;;;;;;
8224;;;;;;;;;;;
8225;;;;;;;;;;;
8229;;;;;;;;;;;
8230;;;;;;;;;;;
8233;;;;;;;;;;;
8233;;;;;;;;;;;
8233;;;;;;;;;;;
8235;;;;;;;;;;;
8239;;;;;;;;;;;
8242;;;;;;;;;;;
8243;;;;;;;;;;;
8243;;;;;;;;;;;
8243;;;;;;;;;;;
8247;;;;;;;;;;;
8250;;;;;;;;;;;
8251;;;;;;;;;;;
8255;;;;;;;;;;;
8256;;;;;;;;;;;
8256;;;;;;;;;;;
8256;;;;;;;;;;;
8258;;;;;;;;;;;
8258;;;;;;;;;;;
8258;;;;;;;;;;;
8258;;;;;;;;;;;
8259;;;;;;;;;;;
8260;;;;;;;;;;;
8262;;;;;;;;;;;
8263;;;;;;;;;;;
8266;;;;;;;;;;;
8267;;;;;;;;;;;
8269;;;;;;;;;;;
8270;;;;;;;;;;;
8272;;;;;;;;;;;
8272;;;;;;;;;;;
8276;;;;;;;;;;;
8277;;;;;;;;;;;
8278;;;;;;;;;;;
8278;;;;;;;;;;;
8279;;;;;;;;;;;
8280;;;;;;;;;;;
8280;;;;;;;;;;;
8282;;;;;;;;;;;
8282;;;;;;;;;;;
8285;;;;;;;;;;;
8288;;;;;;;;;;;
8290;;;;;;;;;;;
8292;;;;;;;;;;;
8293;;;;;;;;;;;
8296;;;;;;;;;;;
8298;;;;;;;;;;;
8306;;;;;;;;;;;
8319;;;;;;;;;;;
8325;;;;;;;;;;;
8326;;;;;;;;;;;
8328;;;;;;;;;;;
8330;;;;;;;;;;;
8331;;;;;;;;;;;
8331;;;;;;;;;;;
8334;;;;;;;;;;;
8338;;;;;;;;;;;
8343;;;;;;;;;;;
8345;;;;;;;;;;;
8360;;;;;;;;;;;
8367;;;;;;;;;;;
8370;;;;;;;;;;;
8372;;;;;;;;;;;
8373;;;;;;;;;;;
8374;;;;;;;;;;;
8378;;;;;;;;;;;
8378;;;;;;;;;;;
8381;;;;;;;;;;;
8382;;;;;;;;;;;
8383;;;;;;;;;;;
8385;;;;;;;;;;;
8386;;;;;;;;;;;
8392;;;;;;;;;;;
8392;;;;;;;;;;;
8392;;;;;;;;;;;
8393;;;;;;;;;;;
8397;;;;;;;;;;;
8398;;;;;;;;;;;
8406;;;;;;;;;;;
8415;;;;;;;;;;;
8424;;;;;;;;;;;
8428;;;;;;;;;;;
8428;;;;;;;;;;;
8430;;;;;;;;;;;
8436;;;;;;;;;;;
8438;;;;;;;;;;;
8439;;;;;;;;;;;
8444;;;;;;;;;;;
8449;;;;;;;;;;;
8449;;;;;;;;;;;
8449;;;;;;;;;;;
8450;;;;;;;;;;;
8454;;;;;;;;;;;
8454;;;;;;;;;;;
8456;;;;;;;;;;;
8462;;;;;;;;;;;
8464;;;;;;;;;;;
8464;;;;;;;;;;;
8465;;;;;;;;;;;
8465;;;;;;;;;;;
8466;;;;;;;;;;;
8469;;;;;;;;;;;
8469;;;;;;;;;;;
8470;;;;;;;;;;;
8471;;;;;;;;;;;
8472;;;;;;;;;;;
8473;;;;;;;;;;;
8473;;;;;;;;;;;
8475;;;;;;;;;;;
8475;;;;;;;;;;;
8477;;;;;;;;;;;
8477;;;;;;;;;;;
8481;;;;;;;;;;;
8481;;;;;;;;;;;
8482;;;;;;;;;;;
8483;;;;;;;;;;;
8486;;;;;;;;;;;
8486;;;;;;;;;;;
8486;;;;;;;;;;;
8490;;;;;;;;;;;
8492;;;;;;;;;;;
8503;;;;;;;;;;;
8510;;;;;;;;;;;
8511;;;;;;;;;;;
8514;;;;;;;;;;;
8515;;;;;;;;;;;
8515;;;;;;;;;;;
8519;;;;;;;;;;;
8521;;;;;;;;;;;
8521;;;;;;;;;;;
8522;;;;;;;;;;;
8523;;;;;;;;;;;
8536;;;;;;;;;;;
8537;;;;;;;;;;;
8540;;;;;;;;;;;
8540;;;;;;;;;;;
8541;;;;;;;;;;;
8542;;;;;;;;;;;
8543;;;;;;;;;;;
8555;;;;;;;;;;;
8556;;;;;;;;;;;
8556;;;;;;;;;;;
8559;;;;;;;;;;;
8560;;;;;;;;;;;
8561;;;;;;;;;;;
8562;;;;;;;;;;;
8564;;;;;;;;;;;
8564;;;;;;;;;;;
8566;;;;;;;;;;;
8567;;;;;;;;;;;
8567;;;;;;;;;;;
8568;;;;;;;;;;;
8570;;;;;;;;;;;
8570;;;;;;;;;;;
8573;;;;;;;;;;;
8573;;;;;;;;;;;
8575;;;;;;;;;;;
8575;;;;;;;;;;;
8576;;;;;;;;;;;
8577;;;;;;;;;;;
8580;;;;;;;;;;;
8580;;;;;;;;;;;
8580;;;;;;;;;;;
8586;;;;;;;;;;;
8587;;;;;;;;;;;
8587;;;;;;;;;;;
8587;;;;;;;;;;;
8591;;;;;;;;;;;
8596;;;;;;;;;;;
8596;;;;;;;;;;;
8600;;;;;;;;;;;
8601;;;;;;;;;;;
8605;;;;;;;;;;;
8613;;;;;;;;;;;
8615;;;;;;;;;;;
8618;;;;;;;;;;;
8619;;;;;;;;;;;
8619;;;;;;;;;;;
8620;;;;;;;;;;;
8620;;;;;;;;;;;
8624;;;;;;;;;;;
8625;;;;;;;;;;;
8627;;;;;;;;;;;
8627;;;;;;;;;;;
8628;;;;;;;;;;;
8629;;;;;;;;;;;
8636;;;;;;;;;;;
8636;;;;;;;;;;;
8641;;;;;;;;;;;
8641;;;;;;;;;;;
8643;;;;;;;;;;;
8651;;;;;;;;;;;
8654;;;;;;;;;;;
8654;;;;;;;;;;;
8659;;;;;;;;;;;
8661;;;;;;;;;;;
8662;;;;;;;;;;;
8667;;;;;;;;;;;
8667;;;;;;;;;;;
8671;;;;;;;;;;;
8683;;;;;;;;;;;
8683;;;;;;;;;;;
8686;;;;;;;;;;;
8693;;;;;;;;;;;
8707;;;;;;;;;;;
8708;;;;;;;;;;;
8708;;;;;;;;;;;
8718;;;;;;;;;;;
8718;;;;;;;;;;;
8720;;;;;;;;;;;
8722;;;;;;;;;;;
8723;;;;;;;;;;;
8724;;;;;;;;;;;
8724;;;;;;;;;;;
8729;;;;;;;;;;;
8729;;;;;;;;;;;
8736;;;;;;;;;;;
8737;;;;;;;;;;;
8740;;;;;;;;;;;
8742;;;;;;;;;;;
8760;;;;;;;;;;;
8760;;;;;;;;;;;
8769;;;;;;;;;;;
8769;;;;;;;;;;;
8770;;;;;;;;;;;
8770;;;;;;;;;;;
8771;;;;;;;;;;;
8774;;;;;;;;;;;
8775;;;;;;;;;;;
8775;;;;;;;;;;;
8778;;;;;;;;;;;
8791;;;;;;;;;;;
8793;;;;;;;;;;;
8795;;;;;;;;;;;
8795;;;;;;;;;;;
8796;;;;;;;;;;;
8797;;;;;;;;;;;
8799;;;;;;;;;;;
8800;;;;;;;;;;;
8801;;;;;;;;;;;
8801;;;;;;;;;;;
8804;;;;;;;;;;;
8808;;;;;;;;;;;
8808;;;;;;;;;;;
8808;;;;;;;;;;;
8809;;;;;;;;;;;
8817;;;;;;;;;;;
8827;;;;;;;;;;;
8833;;;;;;;;;;;
8833;;;;;;;;;;;
8845;;;;;;;;;;;
8847;;;;;;;;;;;
8848;;;;;;;;;;;
8848;;;;;;;;;;;
8851;;;;;;;;;;;
8852;;;;;;;;;;;
8853;;;;;;;;;;;
8853;;;;;;;;;;;
8855;;;;;;;;;;;
8856;;;;;;;;;;;
8862;;;;;;;;;;;
8862;;;;;;;;;;;
8863;;;;;;;;;;;
8870;;;;;;;;;;;
8883;;;;;;;;;;;
8883;;;;;;;;;;;
8884;;;;;;;;;;;
8884;;;;;;;;;;;
8888;;;;;;;;;;;
8894;;;;;;;;;;;
8897;;;;;;;;;;;
8902;;;;;;;;;;;
8902;;;;;;;;;;;
8905;;;;;;;;;;;
8906;;;;;;;;;;;
8907;;;;;;;;;;;
8908;;;;;;;;;;;
8910;;;;;;;;;;;
8920;;;;;;;;;;;
8932;;;;;;;;;;;
8935;;;;;;;;;;;
8943;;;;;;;;;;;
8944;;;;;;;;;;;
8948;;;;;;;;;;;
8952;;;;;;;;;;;
8953;;;;;;;;;;;
8955;;;;;;;;;;;
8955;;;;;;;;;;;
8958;;;;;;;;;;;
8958;;;;;;;;;;;
8961;;;;;;;;;;;
8963;;;;;;;;;;;
8964;;;;;;;;;;;
8970;;;;;;;;;;;
8973;;;;;;;;;;;
8975;;;;;;;;;;;
8975;;;;;;;;;;;
8981;;;;;;;;;;;
8982;;;;;;;;;;;
8990;;;;;;;;;;;
8995;;;;;;;;;;;
8996;;;;;;;;;;;
8997;;;;;;;;;;;
8997;;;;;;;;;;;
9001;;;;;;;;;;;
9003;;;;;;;;;;;
9003;;;;;;;;;;;
9003;;;;;;;;;;;
9004;;;;;;;;;;;
9005;;;;;;;;;;;
9007;;;;;;;;;;;
9012;;;;;;;;;;;
9012;;;;;;;;;;;
9012;;;;;;;;;;;
9016;;;;;;;;;;;
9016;;;;;;;;;;;
9019;;;;;;;;;;;
9020;;;;;;;;;;;
9020;;;;;;;;;;;
9021;;;;;;;;;;;
9023;;;;;;;;;;;
9024;;;;;;;;;;;
9025;;;;;;;;;;;
9025;;;;;;;;;;;
9026;;;;;;;;;;;
9028;;;;;;;;;;;
9030;;;;;;;;;;;
9030;;;;;;;;;;;
9032;;;;;;;;;;;
9032;;;;;;;;;;;
9035;;;;;;;;;;;
9035;;;;;;;;;;;
9036;;;;;;;;;;;
9037;;;;;;;;;;;
9039;;;;;;;;;;;
9039;;;;;;;;;;;
9042;;;;;;;;;;;
9044;;;;;;;;;;;
9045;;;;;;;;;;;
9047;;;;;;;;;;;
9053;;;;;;;;;;;
9054;;;;;;;;;;;
9054;;;;;;;;;;;
9055;;;;;;;;;;;
9061;;;;;;;;;;;
9063;;;;;;;;;;;
9063;;;;;;;;;;;
9064;;;;;;;;;;;
9069;;;;;;;;;;;
9069;;;;;;;;;;;
9073;;;;;;;;;;;
9074;;;;;;;;;;;
9074;;;;;;;;;;;
9076;;;;;;;;;;;
9085;;;;;;;;;;;
9088;;;;;;;;;;;
9088;;;;;;;;;;;
9096;;;;;;;;;;;
9099;;;;;;;;;;;
9099;;;;;;;;;;;
9100;;;;;;;;;;;
9101;;;;;;;;;;;
9107;;;;;;;;;;;
9108;;;;;;;;;;;
9113;;;;;;;;;;;
9114;;;;;;;;;;;
9114;;;;;;;;;;;
9114;;;;;;;;;;;
9118;;;;;;;;;;;
9118;;;;;;;;;;;
9126;;;;;;;;;;;
9126;;;;;;;;;;;
9129;;;;;;;;;;;
9131;;;;;;;;;;;
9131;;;;;;;;;;;
9132;;;;;;;;;;;
9134;;;;;;;;;;;
9137;;;;;;;;;;;
9146;;;;;;;;;;;
9151;;;;;;;;;;;
9152;;;;;;;;;;;
9155;;;;;;;;;;;
9156;;;;;;;;;;;
9159;;;;;;;;;;;
9163;;;;;;;;;;;
9165;;;;;;;;;;;
9177;;;;;;;;;;;
9177;;;;;;;;;;;
9180;;;;;;;;;;;
9181;;;;;;;;;;;
9181;;;;;;;;;;;
9181;;;;;;;;;;;
9182;;;;;;;;;;;
9191;;;;;;;;;;;
9201;;;;;;;;;;;
9202;;;;;;;;;;;
9204;;;;;;;;;;;
9206;;;;;;;;;;;
9208;;;;;;;;;;;
9210;;;;;;;;;;;
9223;;;;;;;;;;;
9233;;;;;;;;;;;
9234;;;;;;;;;;;
9239;;;;;;;;;;;
9245;;;;;;;;;;;
9257;;;;;;;;;;;
9258;;;;;;;;;;;
9259;;;;;;;;;;;
9262;;;;;;;;;;;
9263;;;;;;;;;;;
9268;;;;;;;;;;;
9272;;;;;;;;;;;
9272;;;;;;;;;;;
9278;;;;;;;;;;;
9279;;;;;;;;;;;
9293;;;;;;;;;;;
9293;;;;;;;;;;;
9297;;;;;;;;;;;
9304;;;;;;;;;;;
9305;;;;;;;;;;;
9311;;;;;;;;;;;
9311;;;;;;;;;;;
9314;;;;;;;;;;;
9316;;;;;;;;;;;
9317;;;;;;;;;;;
9322;;;;;;;;;;;
9323;;;;;;;;;;;
9327;;;;;;;;;;;
9330;;;;;;;;;;;
9337;;;;;;;;;;;
9338;;;;;;;;;;;
9348;;;;;;;;;;;
9349;;;;;;;;;;;
9351;;;;;;;;;;;
9358;;;;;;;;;;;
9360;;;;;;;;;;;
9363;;;;;;;;;;;
9364;;;;;;;;;;;
9367;;;;;;;;;;;
9372;;;;;;;;;;;
9375;;;;;;;;;;;
9376;;;;;;;;;;;
9383;;;;;;;;;;;
9395;;;;;;;;;;;
9405;;;;;;;;;;;
9405;;;;;;;;;;;
9407;;;;;;;;;;;
9410;;;;;;;;;;;
9412;;;;;;;;;;;
9412;;;;;;;;;;;
9415;;;;;;;;;;;
9418;;;;;;;;;;;
9423;;;;;;;;;;;
9426;;;;;;;;;;;
9429;;;;;;;;;;;
9430;;;;;;;;;;;
9438;;;;;;;;;;;
9442;;;;;;;;;;;
9447;;;;;;;;;;;
9450;;;;;;;;;;;
9450;;;;;;;;;;;
9460;;;;;;;;;;;
9469;;;;;;;;;;;
9472;;;;;;;;;;;
9473;;;;;;;;;;;
9474;;;;;;;;;;;
9476;;;;;;;;;;;
9476;;;;;;;;;;;
9479;;;;;;;;;;;
9480;;;;;;;;;;;
9488;;;;;;;;;;;
9494;;;;;;;;;;;
9495;;;;;;;;;;;
9498;;;;;;;;;;;
9498;;;;;;;;;;;
9500;;;;;;;;;;;
9503;;;;;;;;;;;
9509;;;;;;;;;;;
9513;;;;;;;;;;;
9515;;;;;;;;;;;
9517;;;;;;;;;;;
9517;;;;;;;;;;;
9518;;;;;;;;;;;
9518;;;;;;;;;;;
9525;;;;;;;;;;;
9528;;;;;;;;;;;
9529;;;;;;;;;;;
9529;;;;;;;;;;;
9533;;;;;;;;;;;
9542;;;;;;;;;;;
9546;;;;;;;;;;;
9554;;;;;;;;;;;
9556;;;;;;;;;;;
9558;;;;;;;;;;;
9559;;;;;;;;;;;
9564;;;;;;;;;;;
9564;;;;;;;;;;;
9576;;;;;;;;;;;
9576;;;;;;;;;;;
9581;;;;;;;;;;;
9582;;;;;;;;;;;
9582;;;;;;;;;;;
9583;;;;;;;;;;;
9588;;;;;;;;;;;
9589;;;;;;;;;;;
9594;;;;;;;;;;;
9596;;;;;;;;;;;
9597;;;;;;;;;;;
9606;;;;;;;;;;;
9606;;;;;;;;;;;
9607;;;;;;;;;;;
9609;;;;;;;;;;;
9610;;;;;;;;;;;
9613;;;;;;;;;;;
9617;;;;;;;;;;;
9623;;;;;;;;;;;
9633;;;;;;;;;;;
9633;;;;;;;;;;;
9639;;;;;;;;;;;
9639;;;;;;;;;;;
9653;;;;;;;;;;;
9658;;;;;;;;;;;
9665;;;;;;;;;;;
9668;;;;;;;;;;;
9672;;;;;;;;;;;
9672;;;;;;;;;;;
9673;;;;;;;;;;;
9680;;;;;;;;;;;
9682;;;;;;;;;;;
9683;;;;;;;;;;;
9684;;;;;;;;;;;
9685;;;;;;;;;;;
9688;;;;;;;;;;;
9688;;;;;;;;;;;
9690;;;;;;;;;;;
9692;;;;;;;;;;;
9693;;;;;;;;;;;
9693;;;;;;;;;;;
9694;;;;;;;;;;;
9697;;;;;;;;;;;
9698;;;;;;;;;;;
9700;;;;;;;;;;;
9705;;;;;;;;;;;
9710;;;;;;;;;;;
9711;;;;;;;;;;;
9713;;;;;;;;;;;
9713;;;;;;;;;;;
9721;;;;;;;;;;;
9725;;;;;;;;;;;
9729;;;;;;;;;;;
9732;;;;;;;;;;;
9732;;;;;;;;;;;
9734;;;;;;;;;;;
9739;;;;;;;;;;;
9739;;;;;;;;;;;
9741;;;;;;;;;;;
9741;;;;;;;;;;;
9743;;;;;;;;;;;
9747;;;;;;;;;;;
9751;;;;;;;;;;;
9752;;;;;;;;;;;
9753;;;;;;;;;;;
9754;;;;;;;;;;;
9760;;;;;;;;;;;
9770;;;;;;;;;;;
9771;;;;;;;;;;;
9772;;;;;;;;;;;
9773;;;;;;;;;;;
9774;;;;;;;;;;;
9776;;;;;;;;;;;
9777;;;;;;;;;;;
9778;;;;;;;;;;;
9778;;;;;;;;;;;
9778;;;;;;;;;;;
9780;;;;;;;;;;;
9785;;;;;;;;;;;
9785;;;;;;;;;;;
9792;;;;;;;;;;;
9801;;;;;;;;;;;
9805;;;;;;;;;;;
9805;;;;;;;;;;;
9809;;;;;;;;;;;
9809;;;;;;;;;;;
9811;;;;;;;;;;;
9850;;;;;;;;;;;
9857;;;;;;;;;;;
9862;;;;;;;;;;;
9867;;;;;;;;;;;
9868;;;;;;;;;;;
9873;;;;;;;;;;;
9876;;;;;;;;;;;
9876;;;;;;;;;;;
9879;;;;;;;;;;;
9895;;;;;;;;;;;
9902;;;;;;;;;;;
9906;;;;;;;;;;;
9906;;;;;;;;;;;
9908;;;;;;;;;;;
9908;;;;;;;;;;;
9918;;;;;;;;;;;
9922;;;;;;;;;;;
9931;;;;;;;;;;;
9932;;;;;;;;;;;
9938;;;;;;;;;;;
9940;;;;;;;;;;;
9946;;;;;;;;;;;
9959;;;;;;;;;;;
9965;;;;;;;;;;;
9970;;;;;;;;;;;
9970;;;;;;;;;;;
9976;;;;;;;;;;;
9976;;;;;;;;;;;
9983;;;;;;;;;;;
9987;;;;;;;;;;;
9988;;;;;;;;;;;
9993;;;;;;;;;;;
9996;;;;;;;;;;;
9998;;;;;;;;;;;
9998;;;;;;;;;;;
10000;;;;;;;;;;;
10009;;;;;;;;;;;
10010;;;;;;;;;;;
10012;;;;;;;;;;;
10017;;;;;;;;;;;
10023;;;;;;;;;;;
10032;;;;;;;;;;;
10034;;;;;;;;;;;
10037;;;;;;;;;;;
10043;;;;;;;;;;;
10044;;;;;;;;;;;
10052;;;;;;;;;;;
10055;;;;;;;;;;;
10056;;;;;;;;;;;
10060;;;;;;;;;;;
10070;;;;;;;;;;;
10072;;;;;;;;;;;
10072;;;;;;;;;;;
10075;;;;;;;;;;;
10078;;;;;;;;;;;
10080;;;;;;;;;;;
10081;;;;;;;;;;;
10081;;;;;;;;;;;
10102;;;;;;;;;;;
10106;;;;;;;;;;;
10106;;;;;;;;;;;
10107;;;;;;;;;;;
10120;;;;;;;;;;;
10130;;;;;;;;;;;
10135;;;;;;;;;;;
10136;;;;;;;;;;;
10138;;;;;;;;;;;
10142;;;;;;;;;;;
10148;;;;;;;;;;;
10158;;;;;;;;;;;
10161;;;;;;;;;;;
10162;;;;;;;;;;;
10186;;;;;;;;;;;
10190;;;;;;;;;;;
10200;;;;;;;;;;;
10200;;;;;;;;;;;
10214;;;;;;;;;;;
10214;;;;;;;;;;;
10237;;;;;;;;;;;
10238;;;;;;;;;;;
10239;;;;;;;;;;;
10249;;;;;;;;;;;
10249;;;;;;;;;;;
10249;;;;;;;;;;;
10251;;;;;;;;;;;
10251;;;;;;;;;;;
10252;;;;;;;;;;;
10262;;;;;;;;;;;
10262;;;;;;;;;;;
10268;;;;;;;;;;;
10271;;;;;;;;;;;
10271;;;;;;;;;;;
10272;;;;;;;;;;;
10282;;;;;;;;;;;
10282;;;;;;;;;;;
10283;;;;;;;;;;;
10286;;;;;;;;;;;
10289;;;;;;;;;;;
10291;;;;;;;;;;;
10292;;;;;;;;;;;
10301;;;;;;;;;;;
10309;;;;;;;;;;;
10327;;;;;;;;;;;
10335;;;;;;;;;;;
10347;;;;;;;;;;;
10350;;;;;;;;;;;
10365;;;;;;;;;;;
10368;;;;;;;;;;;
10375;;;;;;;;;;;
10377;;;;;;;;;;;
10377;;;;;;;;;;;
10383;;;;;;;;;;;
10388;;;;;;;;;;;
10392;;;;;;;;;;;
10393;;;;;;;;;;;
10393;;;;;;;;;;;
10395;;;;;;;;;;;
10397;;;;;;;;;;;
10401;;;;;;;;;;;
10404;;;;;;;;;;;
10408;;;;;;;;;;;
10413;;;;;;;;;;;
10413;;;;;;;;;;;
10425;;;;;;;;;;;
10427;;;;;;;;;;;
10437;;;;;;;;;;;
10437;;;;;;;;;;;
10439;;;;;;;;;;;
10441;;;;;;;;;;;
10441;;;;;;;;;;;
10460;;;;;;;;;;;
10484;;;;;;;;;;;
10488;;;;;;;;;;;
10501;;;;;;;;;;;
10503;;;;;;;;;;;
10511;;;;;;;;;;;
10538;;;;;;;;;;;
10540;;;;;;;;;;;
10559;;;;;;;;;;;
10562;;;;;;;;;;;
10564;;;;;;;;;;;
10591;;;;;;;;;;;
10606;;;;;;;;;;;
10610;;;;;;;;;;;
10611;;;;;;;;;;;
10614;;;;;;;;;;;
10616;;;;;;;;;;;
10619;;;;;;;;;;;
10624;;;;;;;;;;;
10625;;;;;;;;;;;
10627;;;;;;;;;;;
10630;;;;;;;;;;;
10630;;;;;;;;;;;
10632;;;;;;;;;;;
10642;;;;;;;;;;;
10651;;;;;;;;;;;
10656;;;;;;;;;;;
10662;;;;;;;;;;;
10665;;;;;;;;;;;
10666;;;;;;;;;;;
10672;;;;;;;;;;;
10674;;;;;;;;;;;
10678;;;;;;;;;;;
10683;;;;;;;;;;;
10688;;;;;;;;;;;
10690;;;;;;;;;;;
10690;;;;;;;;;;;
10691;;;;;;;;;;;
10692;;;;;;;;;;;
10693;;;;;;;;;;;
10694;;;;;;;;;;;
10695;;;;;;;;;;;
10704;;;;;;;;;;;
10704;;;;;;;;;;;
10706;;;;;;;;;;;
10706;;;;;;;;;;;
10707;;;;;;;;;;;
10707;;;;;;;;;;;
10707;;;;;;;;;;;
10711;;;;;;;;;;;
10715;;;;;;;;;;;
10720;;;;;;;;;;;
10726;;;;;;;;;;;
10740;;;;;;;;;;;
10741;;;;;;;;;;;
10741;;;;;;;;;;;
10748;;;;;;;;;;;
10748;;;;;;;;;;;
10754;;;;;;;;;;;
10759;;;;;;;;;;;
10760;;;;;;;;;;;
10766;;;;;;;;;;;
10768;;;;;;;;;;;
10769;;;;;;;;;;;
10780;;;;;;;;;;;
10787;;;;;;;;;;;
10789;;;;;;;;;;;
10793;;;;;;;;;;;
10794;;;;;;;;;;;
10794;;;;;;;;;;;
10795;;;;;;;;;;;
10797;;;;;;;;;;;
10800;;;;;;;;;;;
10812;;;;;;;;;;;
10818;;;;;;;;;;;
10819;;;;;;;;;;;
10825;;;;;;;;;;;
10833;;;;;;;;;;;
10835;;;;;;;;;;;
10836;;;;;;;;;;;
10841;;;;;;;;;;;
10842;;;;;;;;;;;
10846;;;;;;;;;;;
10854;;;;;;;;;;;
10856;;;;;;;;;;;
10861;;;;;;;;;;;
10868;;;;;;;;;;;
10869;;;;;;;;;;;
10894;;;;;;;;;;;
10895;;;;;;;;;;;
10895;;;;;;;;;;;
10904;;;;;;;;;;;
10908;;;;;;;;;;;
10909;;;;;;;;;;;
10913;;;;;;;;;;;
10917;;;;;;;;;;;
10917;;;;;;;;;;;
10926;;;;;;;;;;;
10934;;;;;;;;;;;
10934;;;;;;;;;;;
10936;;;;;;;;;;;
10938;;;;;;;;;;;
10951;;;;;;;;;;;
10951;;;;;;;;;;;
10951;;;;;;;;;;;
10953;;;;;;;;;;;
10953;;;;;;;;;;;
10963;;;;;;;;;;;
10963;;;;;;;;;;;
10966;;;;;;;;;;;
10967;;;;;;;;;;;
10970;;;;;;;;;;;
10973;;;;;;;;;;;
10974;;;;;;;;;;;
10975;;;;;;;;;;;
10977;;;;;;;;;;;
10984;;;;;;;;;;;
10986;;;;;;;;;;;
10986;;;;;;;;;;;
10987;;;;;;;;;;;
10999;;;;;;;;;;;
11004;;;;;;;;;;;
11004;;;;;;;;;;;
11007;;;;;;;;;;;
11007;;;;;;;;;;;
11009;;;;;;;;;;;
11016;;;;;;;;;;;
11017;;;;;;;;;;;
11018;;;;;;;;;;;
11020;;;;;;;;;;;
11023;;;;;;;;;;;
11026;;;;;;;;;;;
11027;;;;;;;;;;;
11031;;;;;;;;;;;
11033;;;;;;;;;;;
11034;;;;;;;;;;;
11039;;;;;;;;;;;
11046;;;;;;;;;;;
11052;;;;;;;;;;;
11054;;;;;;;;;;;
11060;;;;;;;;;;;
11065;;;;;;;;;;;
11070;;;;;;;;;;;
11074;;;;;;;;;;;
11077;;;;;;;;;;;
11081;;;;;;;;;;;
11095;;;;;;;;;;;
11096;;;;;;;;;;;
11099;;;;;;;;;;;
11106;;;;;;;;;;;
11112;;;;;;;;;;;
11115;;;;;;;;;;;
11118;;;;;;;;;;;
11119;;;;;;;;;;;
11124;;;;;;;;;;;
11124;;;;;;;;;;;
11125;;;;;;;;;;;
11126;;;;;;;;;;;
11130;;;;;;;;;;;
11139;;;;;;;;;;;
11153;;;;;;;;;;;
11155;;;;;;;;;;;
11170;;;;;;;;;;;
11170;;;;;;;;;;;
11171;;;;;;;;;;;
11175;;;;;;;;;;;
11175;;;;;;;;;;;
11175;;;;;;;;;;;
11178;;;;;;;;;;;
11179;;;;;;;;;;;
11179;;;;;;;;;;;
11184;;;;;;;;;;;
11185;;;;;;;;;;;
11185;;;;;;;;;;;
11189;;;;;;;;;;;
11189;;;;;;;;;;;
11191;;;;;;;;;;;
11195;;;;;;;;;;;
11198;;;;;;;;;;;
11198;;;;;;;;;;;
11199;;;;;;;;;;;
11203;;;;;;;;;;;
11207;;;;;;;;;;;
11212;;;;;;;;;;;
11214;;;;;;;;;;;
11229;;;;;;;;;;;
11231;;;;;;;;;;;
11231;;;;;;;;;;;
11234;;;;;;;;;;;
11242;;;;;;;;;;;
11243;;;;;;;;;;;
11244;;;;;;;;;;;
11245;;;;;;;;;;;
11250;;;;;;;;;;;
11253;;;;;;;;;;;
11255;;;;;;;;;;;
11256;;;;;;;;;;;
11257;;;;;;;;;;;
11260;;;;;;;;;;;
11261;;;;;;;;;;;
11263;;;;;;;;;;;
11263;;;;;;;;;;;
11265;;;;;;;;;;;
11270;;;;;;;;;;;
11271;;;;;;;;;;;
11272;;;;;;;;;;;
11272;;;;;;;;;;;
11273;;;;;;;;;;;
11274;;;;;;;;;;;
11275;;;;;;;;;;;
11276;;;;;;;;;;;
11278;;;;;;;;;;;
11280;;;;;;;;;;;
11286;;;;;;;;;;;
11289;;;;;;;;;;;
11298;;;;;;;;;;;
11299;;;;;;;;;;;
11302;;;;;;;;;;;
11308;;;;;;;;;;;
11309;;;;;;;;;;;
11314;;;;;;;;;;;
11314;;;;;;;;;;;
11324;;;;;;;;;;;
11329;;;;;;;;;;;
11331;;;;;;;;;;;
11336;;;;;;;;;;;
11339;;;;;;;;;;;
11347;;;;;;;;;;;
11352;;;;;;;;;;;
11363;;;;;;;;;;;
11369;;;;;;;;;;;
11369;;;;;;;;;;;
11385;;;;;;;;;;;
11392;;;;;;;;;;;
11403;;;;;;;;;;;
11403;;;;;;;;;;;
11404;;;;;;;;;;;
11404;;;;;;;;;;;
11408;;;;;;;;;;;
11408;;;;;;;;;;;
11409;;;;;;;;;;;
11409;;;;;;;;;;;
11412;;;;;;;;;;;
11412;;;;;;;;;;;
11412;;;;;;;;;;;
11414;;;;;;;;;;;
11417;;;;;;;;;;;
11419;;;;;;;;;;;
11425;;;;;;;;;;;
11430;;;;;;;;;;;
11437;;;;;;;;;;;
11441;;;;;;;;;;;
11444;;;;;;;;;;;
11450;;;;;;;;;;;
11461;;;;;;;;;;;
11461;;;;;;;;;;;
11463;;;;;;;;;;;
11468;;;;;;;;;;;
11469;;;;;;;;;;;
11474;;;;;;;;;;;
11482;;;;;;;;;;;
11497;;;;;;;;;;;
11497;;;;;;;;;;;
11498;;;;;;;;;;;
11499;;;;;;;;;;;
11506;;;;;;;;;;;
11522;;;;;;;;;;;
11525;;;;;;;;;;;
11525;;;;;;;;;;;
11526;;;;;;;;;;;
11532;;;;;;;;;;;
11535;;;;;;;;;;;
11536;;;;;;;;;;;
11548;;;;;;;;;;;
11549;;;;;;;;;;;
11567;;;;;;;;;;;
11568;;;;;;;;;;;
11576;;;;;;;;;;;
11586;;;;;;;;;;;
11599;;;;;;;;;;;
11599;;;;;;;;;;;
11605;;;;;;;;;;;
11614;;;;;;;;;;;
11620;;;;;;;;;;;
11630;;;;;;;;;;;
11635;;;;;;;;;;;
11655;;;;;;;;;;;
11670;;;;;;;;;;;
11672;;;;;;;;;;;
11679;;;;;;;;;;;
11686;;;;;;;;;;;
11697;;;;;;;;;;;
11702;;;;;;;;;;;
11709;;;;;;;;;;;
11713;;;;;;;;;;;
11729;;;;;;;;;;;
11731;;;;;;;;;;;
11734;;;;;;;;;;;
11740;;;;;;;;;;;
11740;;;;;;;;;;;
11742;;;;;;;;;;;
11757;;;;;;;;;;;
11759;;;;;;;;;;;
11767;;;;;;;;;;;
11772;;;;;;;;;;;
11775;;;;;;;;;;;
11777;;;;;;;;;;;
11782;;;;;;;;;;;
11802;;;;;;;;;;;
11803;;;;;;;;;;;
11805;;;;;;;;;;;
11808;;;;;;;;;;;
11826;;;;;;;;;;;
11830;;;;;;;;;;;
11832;;;;;;;;;;;
11833;;;;;;;;;;;
11837;;;;;;;;;;;
11837;;;;;;;;;;;
11840;;;;;;;;;;;
11845;;;;;;;;;;;
11853;;;;;;;;;;;
11856;;;;;;;;;;;
11864;;;;;;;;;;;
11874;;;;;;;;;;;
11876;;;;;;;;;;;
11893;;;;;;;;;;;
11894;;;;;;;;;;;
11898;;;;;;;;;;;
11903;;;;;;;;;;;
11905;;;;;;;;;;;
11909;;;;;;;;;;;
11913;;;;;;;;;;;
11921;;;;;;;;;;;
11927;;;;;;;;;;;
11928;;;;;;;;;;;
11929;;;;;;;;;;;
11931;;;;;;;;;;;
11934;;;;;;;;;;;
11936;;;;;;;;;;;
11952;;;;;;;;;;;
11953;;;;;;;;;;;
11956;;;;;;;;;;;
11959;;;;;;;;;;;
11962;;;;;;;;;;;
11963;;;;;;;;;;;
11963;;;;;;;;;;;
11976;;;;;;;;;;;
11981;;;;;;;;;;;
11984;;;;;;;;;;;
11990;;;;;;;;;;;
11991;;;;;;;;;;;
11992;;;;;;;;;;;
12012;;;;;;;;;;;
12015;;;;;;;;;;;
12015;;;;;;;;;;;
12022;;;;;;;;;;;
12023;;;;;;;;;;;
12033;;;;;;;;;;;
12042;;;;;;;;;;;
12044;;;;;;;;;;;
12047;;;;;;;;;;;
12067;;;;;;;;;;;
12084;;;;;;;;;;;
12085;;;;;;;;;;;
12088;;;;;;;;;;;
12115;;;;;;;;;;;
12115;;;;;;;;;;;
12150;;;;;;;;;;;
12172;;;;;;;;;;;
12175;;;;;;;;;;;
12176;;;;;;;;;;;
12180;;;;;;;;;;;
12185;;;;;;;;;;;
12186;;;;;;;;;;;
12204;;;;;;;;;;;
12206;;;;;;;;;;;
12207;;;;;;;;;;;
12209;;;;;;;;;;;
12212;;;;;;;;;;;
12213;;;;;;;;;;;
12220;;;;;;;;;;;
12221;;;;;;;;;;;
12221;;;;;;;;;;;
12222;;;;;;;;;;;
12222;;;;;;;;;;;
12223;;;;;;;;;;;
12224;;;;;;;;;;;
12225;;;;;;;;;;;
12228;;;;;;;;;;;
12231;;;;;;;;;;;
12240;;;;;;;;;;;
12247;;;;;;;;;;;
12260;;;;;;;;;;;
12263;;;;;;;;;;;
12272;;;;;;;;;;;
12274;;;;;;;;;;;
12278;;;;;;;;;;;
12280;;;;;;;;;;;
12298;;;;;;;;;;;
12306;;;;;;;;;;;
12308;;;;;;;;;;;
12308;;;;;;;;;;;
12319;;;;;;;;;;;
12326;;;;;;;;;;;
12327;;;;;;;;;;;
12328;;;;;;;;;;;
12339;;;;;;;;;;;
12341;;;;;;;;;;;
12344;;;;;;;;;;;
12344;;;;;;;;;;;
12367;;;;;;;;;;;
12378;;;;;;;;;;;
12383;;;;;;;;;;;
12387;;;;;;;;;;;
12391;;;;;;;;;;;
12391;;;;;;;;;;;
12397;;;;;;;;;;;
12400;;;;;;;;;;;
12401;;;;;;;;;;;
12402;;;;;;;;;;;
12413;;;;;;;;;;;
12415;;;;;;;;;;;
12425;;;;;;;;;;;
12429;;;;;;;;;;;
12432;;;;;;;;;;;
12432;;;;;;;;;;;
12438;;;;;;;;;;;
12442;;;;;;;;;;;
12442;;;;;;;;;;;
12443;;;;;;;;;;;
12448;;;;;;;;;;;
12456;;;;;;;;;;;
12459;;;;;;;;;;;
12459;;;;;;;;;;;
12460;;;;;;;;;;;
12462;;;;;;;;;;;
12464;;;;;;;;;;;
12469;;;;;;;;;;;
12484;;;;;;;;;;;
12485;;;;;;;;;;;
12488;;;;;;;;;;;
12514;;;;;;;;;;;
12514;;;;;;;;;;;
12514;;;;;;;;;;;
12517;;;;;;;;;;;
12533;;;;;;;;;;;
12535;;;;;;;;;;;
12537;;;;;;;;;;;
12540;;;;;;;;;;;
12541;;;;;;;;;;;
12548;;;;;;;;;;;
12554;;;;;;;;;;;
12555;;;;;;;;;;;
12561;;;;;;;;;;;
12567;;;;;;;;;;;
12571;;;;;;;;;;;
12588;;;;;;;;;;;
12593;;;;;;;;;;;
12595;;;;;;;;;;;
12608;;;;;;;;;;;
12610;;;;;;;;;;;
12614;;;;;;;;;;;
12629;;;;;;;;;;;
12632;;;;;;;;;;;
12635;;;;;;;;;;;
12636;;;;;;;;;;;
12639;;;;;;;;;;;
12641;;;;;;;;;;;
12643;;;;;;;;;;;
12657;;;;;;;;;;;
12660;;;;;;;;;;;
12660;;;;;;;;;;;
12665;;;;;;;;;;;
12674;;;;;;;;;;;
12676;;;;;;;;;;;
12678;;;;;;;;;;;
12679;;;;;;;;;;;
12689;;;;;;;;;;;
12693;;;;;;;;;;;
12695;;;;;;;;;;;
12696;;;;;;;;;;;
12697;;;;;;;;;;;
12698;;;;;;;;;;;
12698;;;;;;;;;;;
12699;;;;;;;;;;;
12699;;;;;;;;;;;
12700;;;;;;;;;;;
12702;;;;;;;;;;;
12702;;;;;;;;;;;
12703;;;;;;;;;;;
12703;;;;;;;;;;;
12705;;;;;;;;;;;
12707;;;;;;;;;;;
12709;;;;;;;;;;;
12712;;;;;;;;;;;
12712;;;;;;;;;;;
12714;;;;;;;;;;;
12715;;;;;;;;;;;
12718;;;;;;;;;;;
12719;;;;;;;;;;;
12721;;;;;;;;;;;
12723;;;;;;;;;;;
12724;;;;;;;;;;;
12726;;;;;;;;;;;
12730;;;;;;;;;;;
12731;;;;;;;;;;;
12736;;;;;;;;;;;
12738;;;;;;;;;;;
12738;;;;;;;;;;;
12743;;;;;;;;;;;
12744;;;;;;;;;;;
12745;;;;;;;;;;;
12747;;;;;;;;;;;
12748;;;;;;;;;;;
12749;;;;;;;;;;;
12749;;;;;;;;;;;
12750;;;;;;;;;;;
12750;;;;;;;;;;;
12750;;;;;;;;;;;
12750;;;;;;;;;;;
12751;;;;;;;;;;;
12752;;;;;;;;;;;
12753;;;;;;;;;;;
12755;;;;;;;;;;;
12762;;;;;;;;;;;
12770;;;;;;;;;;;
12774;;;;;;;;;;;
12774;;;;;;;;;;;
12777;;;;;;;;;;;
12778;;;;;;;;;;;
12778;;;;;;;;;;;
12779;;;;;;;;;;;
12783;;;;;;;;;;;
12785;;;;;;;;;;;
12785;;;;;;;;;;;
12786;;;;;;;;;;;
12786;;;;;;;;;;;
12789;;;;;;;;;;;
12793;;;;;;;;;;;
12795;;;;;;;;;;;
12797;;;;;;;;;;;
12801;;;;;;;;;;;
12803;;;;;;;;;;;
12806;;;;;;;;;;;
12809;;;;;;;;;;;
12810;;;;;;;;;;;
12811;;;;;;;;;;;
12813;;;;;;;;;;;
12813;;;;;;;;;;;
12815;;;;;;;;;;;
12815;;;;;;;;;;;
12818;;;;;;;;;;;
12819;;;;;;;;;;;
12821;;;;;;;;;;;
12821;;;;;;;;;;;
12822;;;;;;;;;;;
12824;;;;;;;;;;;
